,frame_id,left_ear_cam_x,left_ear_cam_y,left_ear_prob,mid_ears_cam_x,mid_ears_cam_y,mid_ears_prob,nose_cam_x,nose_cam_y,nose_prob,right_ear_cam_x,right_ear_cam_y,right_ear_prob,time,x,y,vx,vy,ax,ay,nose_x,nose_y,left_ear_x,left_ear_y,right_ear_x,right_ear_y,angle,bug_x,bug_y,dev_angle,bug_x_cm,block_id,animal_id,datetime,x_obs,strike_id,total_sec
0,1759,687.4011230469,260.881652832,0.9998825788000001,660.3809204102,233.1374053955,0.9990842342,602.9842529297,242.9427337646,0.9998503923000001,633.3607177734,205.393157959,0.9982859492,1684074667.621799,,,,,,,38.0982514401,35.1566454002,33.3905566248,33.9718435511,36.4999419736,37.8274211953,0.2314224506,,,,,1422,PV91,2023-05-14 14:31:07.621798912,,,-0.9833169920000001
1,1760,687.4315185547,260.9126281738,0.9998856783000001,660.4064941406,233.1510314941,0.9990882874,602.9409790039,242.9551849365,0.9998499155,633.3814086914,205.3894195557,0.9982909560000001,1684074667.638465,,,,,,,38.1006264182,35.1557829081,33.3888727769,33.969779171,36.4987690278,37.8277015217,0.2311445959,,,,,1422,PV91,2023-05-14 14:31:07.638465024,,,-0.9666508800000001
2,1761,687.4630126953,260.8877258301,0.9998886585000001,660.4138793945,233.138458252,0.9990811348,602.9089355469,242.9586791992,0.9998476505,633.3647460938,205.3891906738,0.9982736111,1684074667.655132,,,,,,,38.1024047657,35.1555391929,33.3871552991,33.9714894041,36.4997215479,37.8277117999,0.2313231812,,,,,1422,PV91,2023-05-14 14:31:07.655132160,,,-0.9499837440000001
3,1762,687.530090332,260.9144592285,0.9998917580000001,660.4505004883,233.1546020508,0.999084115,602.9584960938,242.9522857666,0.9998495579000001,633.3709106445,205.3947601318,0.9982764721,1684074667.671798,,,,,,,38.0996559081,35.15598302,33.3834552528,33.9697427514,36.4993550436,37.8273082267,0.2309180412,,,,,1422,PV91,2023-05-14 14:31:07.671798016,,,-0.9333178880000002
4,1763,687.5179443359,260.8641357422,0.9998910427000001,660.4083251953,233.1362609863,0.9990620613000001,602.9653930664,242.9336700439,0.9998505116,633.2986450195,205.4084014893,0.9982330799,1684074667.688465,,,,,,,38.0993377452,35.1572707561,33.3841475267,33.9731295294,36.5034393308,37.8262894233,0.2310779668,,,,,1422,PV91,2023-05-14 14:31:07.688465152,,,-0.9166507520000001
5,1764,687.5357666016,260.8759765625,0.9998909235000001,660.4194335938,233.1472473145,0.9990597963000001,602.9668579102,242.9385681152,0.9998497963,633.3031616211,205.4185028076,0.9982287288,1684074667.705131,,,,,,,38.0992378906,35.1569330354,33.3831626572,33.972347203300004,36.5031512736,37.8255544826,0.2309136853,,,,,1422,PV91,2023-05-14 14:31:07.705131008,,,-0.8999848960000001
6,1765,687.496887207,260.8859558105,0.9998904467,660.4310302734,233.1426849365,0.9990819097,602.9568481445,242.9579772949,0.9998505116,633.3651733398,205.3994140625,0.9982733727,1684074667.721798,,,,,,,38.0997318869,35.155589843,33.3852969585,33.9716370413,36.4996700965,37.8269666895,0.2313397656,,,,,1422,PV91,2023-05-14 14:31:07.721797888,,,-0.8833180160000002
7,1766,687.5757446289,260.9300537109,0.9998947382000001,660.4488525391,233.1702880859,0.9990628958000001,602.9208984375,242.9550933838,0.999849081,633.3219604492,205.4105072021,0.9982311130000001,1684074667.738464,,,,,,,38.1017516406,35.155787204,33.3809377406,33.9687304233,36.5021009518,37.8261435763,0.2305106297,,,,,1422,PV91,2023-05-14 14:31:07.738464000,,,-0.8666519040000001
8,1767,687.6126098633,260.9421081543,0.9998960495,660.4489746094,233.1720581055,0.9990541935,602.8980102539,242.9546203613,0.99985075,633.2853393555,205.4019927979,0.9982123375,1684074667.75513,,,,,,,38.1030307372,35.155819202,33.3789050056,33.967949104,36.5042152275,37.8267512289,0.23038787600000002,,,,,1422,PV91,2023-05-14 14:31:07.755130112,,,-0.8499857920000001
9,1768,687.5148925781,260.9201965332,0.9998904467,660.4268188477,233.1550598145,0.9990773201,602.9044189453,242.9760742188,0.9998477697,633.3387451172,205.3899383545,0.9982642531,1684074667.771796,,,,,,,38.1025973622,35.1543360093,33.384285058,33.9693436341,36.5012015317,37.8276490499,0.2312901478,,,,,1422,PV91,2023-05-14 14:31:07.771795968,,,-0.8333199360000001
10,1769,687.5581054688,260.9284362793,0.9998919964,660.3903808594,233.1518707275,0.9990454912000001,602.8765869141,242.9579162598,0.9998469353,633.22265625,205.3753051758,0.9981989264000001,1684074667.788463,,,,,,,38.1042174055,35.1555900604,33.3819067015,33.9688230908,36.507859646200004,37.8286752759,0.23102659250000002,,,,,1422,PV91,2023-05-14 14:31:07.788463104,,,-0.8166528000000001
11,1770,687.5844116211,260.9353637695,0.9998946190000001,660.4091796875,233.1535644531,0.9990469217000001,602.893371582,242.9540405273,0.9998475313,633.2340087891,205.3717803955,0.9981992841,1684074667.805129,,,,,,,38.1032935985,35.1558598873,33.3804577419,33.9683790465,36.5072203634,37.8289349727,0.2309095317,,,,,1422,PV91,2023-05-14 14:31:07.805128960,,,-0.799986944
12,1771,687.6157836914,260.9821166992,0.9998967648,660.4114990234,233.1654052734,0.9990378022,602.7858276367,242.9561004639,0.9998428822000001,633.2071533203,205.3486938477,0.9981788397,1684074667.821796,,,,,,,38.1092989973,35.1557117503,33.3787131272,33.9652512226,36.5088137211,37.8306085504,0.2303081445,,,,,1422,PV91,2023-05-14 14:31:07.821795840,,,-0.7833200640000001
13,1772,687.5817871094,260.9841003418,0.9998944998,660.4473876953,233.1872253418,0.9990422726,602.7783203125,242.9425964355,0.9998415709,633.3129272461,205.3903503418,0.9981899858000001,1684074667.838462,,,,,,,38.1097637828,35.1566450909,33.3805763369,33.9650863053,36.5026719289,37.8276091249,0.2293726325,,,,,1422,PV91,2023-05-14 14:31:07.838462208,,,-0.7666536960000001
14,1773,687.5817260742,260.9702758789,0.9998941422000001,660.4356689453,233.1863708496,0.9990417957000001,602.8176269531,242.9532623291,0.9998447895,633.2896728516,205.4024658203,0.9981895089,1684074667.855128,,,,,,,38.1075290761,35.1559103314,33.3805876335,33.9660193768,36.5039625851,37.8267183001,0.2298009064,,,,,1422,PV91,2023-05-14 14:31:07.855128064,,,-0.7499878400000001
15,1774,687.5292358398,260.979675293,0.9998912811,660.4211425781,233.1617584229,0.9990390539,602.8089599609,242.9413452148,0.9998444319,633.3129882812,205.3438415527,0.9981868863000001,1684074667.871795,,,,,,,38.1080543933,35.1567333916,33.3834682809,33.9653389166,36.502796003,37.83099925,0.2301168643,,,,,1422,PV91,2023-05-14 14:31:07.871794944,,,-0.7333209600000001
16,1775,687.5713500977,261.0092773438,0.9998933077000001,660.4338989258,233.1907958984,0.9990341067,602.8000488281,242.9373474121,0.9998439550000001,633.2964477539,205.3723144531,0.9981749058,1684074667.888461,,,,,,,38.1085667424,35.157009237,33.3811372303,33.9633770917,36.5036577126,37.8289179373,0.22934139350000002,,,,,1422,PV91,2023-05-14 14:31:07.888461056,,,-0.7166548480000001
17,1776,687.5706787109,261.0358276367,0.9998940229000001,660.3935546875,233.2177734375,0.999027729,602.7631835938,242.9517211914,0.9998396635000001,633.2163696289,205.3997344971,0.9981614947,1684074667.905127,,,,,,,38.1105770755,35.1560146596,33.3811592264,33.961584325,36.5081533689,37.8268921329,0.22908476330000002,,,,,1422,PV91,2023-05-14 14:31:07.905127168,,,-0.6999887360000001
18,1777,687.5746459961,260.979675293,0.9998943806,660.4221191406,233.1714782715,0.9990355968,602.7932128906,242.9298400879,0.9998459816,633.2696533203,205.3632659912,0.9981768131000001,1684074667.921794,,,,,,,38.1089735619,35.1575284105,33.3809722089,33.9653796899,36.5052136635,37.8295680193,0.2296033432,,,,,1422,PV91,2023-05-14 14:31:07.921794048,,,-0.6833218560000001
19,1778,687.5900878906,260.9737548828,0.9998955727000001,660.4447021484,233.1641235352,0.9990401268,602.8179931641,242.9399108887,0.9998483658,633.2992553711,205.3544769287,0.9981846213000001,1684074667.938461,,,,,,,38.1075543575,35.1568338489,33.3801276047,33.9657934773,36.5035499625,37.8302192526,0.22998239950000002,,,,,1422,PV91,2023-05-14 14:31:07.938461184,,,-0.6666547200000001
20,1779,687.5866088867,260.9964904785,0.9998955727000001,660.4483032227,233.1847381592,0.9990413189,602.8197631836,242.9361419678,0.999848485,633.3099975586,205.3729858398,0.9981870055000001,1684074667.955126,,,,,,,38.107469113,35.1570940089,33.3803081664,33.9642542776,36.5028858432,37.8288736559,0.229461523,,,,,1422,PV91,2023-05-14 14:31:07.955126016,,,-0.6499898880000001
21,1780,687.5894165039,260.9859619141,0.9998954535000001,660.4403686523,233.1707763672,0.9990389347,602.8167724609,242.9261779785,0.9998482466,633.2913208008,205.3555755615,0.998182416,1684074667.971794,,,,,,,38.1076692825,35.1577824737,33.3801560164,33.9649681908,36.5039966056,37.8301366445,0.2295709129,,,,,1422,PV91,2023-05-14 14:31:07.971793920,,,-0.6333219840000002
22,1781,687.5925292969,260.9883728027,0.9998960495,660.4443359375,233.1748199463,0.9990427494,602.8209838867,242.9312591553,0.9998472929000001,633.2962036133,205.3612670898,0.9981895089,1684074667.988459,,,,,,,38.1074160064,35.1574315246,33.3799877199,33.9648092907,36.503705454,37.8297232717,0.22959197550000002,,,,,1422,PV91,2023-05-14 14:31:07.988459008,,,-0.6166568960000001
23,1782,687.5948486328,260.998260498,0.9998964071,660.4522094727,233.1789703369,0.9990500808,602.8283081055,242.9230194092,0.9998482466,633.3095703125,205.3596801758,0.9982037544000001,1684074668.005126,,,,,,,38.1070349846,35.1580024589,33.3798532585,33.9641427724,36.5029472413,37.8298438403,0.22933461030000002,,,,,1422,PV91,2023-05-14 14:31:08.005125888,,,-0.599990016
24,1783,687.563659668,261.0151062012,0.9998946190000001,660.4594726562,233.1680297852,0.9990636110000001,602.7769775391,242.9044647217,0.9998494387,633.3552856445,205.3209533691,0.9982325435,1684074668.021793,,,,,,,38.1099734989,35.1592831437,33.3815567593,33.9629770256,36.5004442226,37.8326824347,0.22896842850000002,,,,,1422,PV91,2023-05-14 14:31:08.021792768,,,-0.5833231360000001
25,1784,687.6166992188,261.0513916016,0.9998965263,660.4974365234,233.1906585693,0.9990670681,602.7346191406,242.899307251,0.9998464584000001,633.378112793,205.3299255371,0.9982376099,1684074668.038459,,,,,,,38.1123586297,35.1596372041,33.3786270313,33.9605753245,36.4991201044,37.8320358377,0.2280926081,,,,,1422,PV91,2023-05-14 14:31:08.038459136,,,-0.5666567680000001
26,1785,687.5971679688,261.0354614258,0.9998959303,660.4655761719,233.1812896729,0.9990742207000001,602.7697753906,242.9033355713,0.9998511076000001,633.3340454102,205.3271179199,0.9982525706,1684074668.055126,,,,,,,38.1103757373,35.159360617,33.3797061358,33.9616328402,36.5016385595,37.8322256538,0.2286248276,,,,,1422,PV91,2023-05-14 14:31:08.055126016,,,-0.549989888
27,1786,687.5850830078,261.0672302246,0.9998943806,660.4582519531,233.1883392334,0.9990700483,602.8047485352,242.876663208,0.9998533726000001,633.3313598633,205.3094482422,0.9982457161,1684074668.071792,,,,,,,38.1085166065,35.1612073168,33.3803553217,33.9594777129,36.5018378552,37.8335132398,0.2281008988,,,,,1422,PV91,2023-05-14 14:31:08.071791872,,,-0.5333240320000001
28,1787,687.4848022461,260.9187927246,0.9998917580000001,660.3359375,233.1660461426,0.9990377426,602.7543945312,243.0170288086,0.9998505116,633.1870117188,205.4132843018,0.9981836677,1684074668.088458,,,,,,,38.110843696,35.1514981398,33.3859410465,33.9694101815,36.5097893044,37.8258947401,0.2316669905,,,,,1422,PV91,2023-05-14 14:31:08.088457984,,,-0.5166579200000001
29,1788,687.5288696289,260.9813232422,0.9998916388,660.4246826172,233.1666870117,0.9990717173,602.7579345703,242.961517334,0.9998533726000001,633.3204956055,205.3520507812,0.9982517362000001,1684074668.105124,,,,,,,38.1108361527,35.1553369535,33.3834878805,33.9652267577,36.5023446772,37.8304029126,0.23021858820000002,,,,,1422,PV91,2023-05-14 14:31:08.105124096,,,-0.4999918080000001
30,1789,687.5278930664,260.9560546875,0.9998922348,660.4031982422,233.1597595215,0.9990504384000001,602.7258300781,242.9319915771,0.9998489618,633.2784423828,205.3634796143,0.998208642,1684074668.12179,,,,,,,38.1127336606,35.1573773284,33.3835547486,33.9669314472,36.5047095455,37.8295562109,0.2296886626,,,,,1422,PV91,2023-05-14 14:31:08.121789952,,,-0.48332595200000006
31,1790,687.4965820312,260.9613647461,0.9998906851,660.3490600586,233.1783447266,0.9990264177,602.7414550781,242.9483642578,0.9998461008,633.2015380859,205.395324707,0.9981620908000001,1684074668.138457,,,,,,,38.1118034373,35.1562450919,33.385269331,33.966546994,36.5090067325,37.8272088774,0.2298943839,,,,,1422,PV91,2023-05-14 14:31:08.138457088,,,-0.46665881600000003
32,1791,687.5349121094,261.0127563477,0.9998923540000001,660.3803710938,233.2033233643,0.9990439415000001,602.7739868164,242.9498138428,0.9998471737000001,633.225769043,205.3938903809,0.9981954694,1684074668.155123,,,,,,,38.1099793914,35.1561467315,33.3831386479,33.9631113151,36.5076336621,37.8273209778,0.22943100970000002,,,,,1422,PV91,2023-05-14 14:31:08.155122944,,,-0.4499929600000001
33,1792,687.5291137695,260.9956665039,0.9998919964,660.3649291992,233.1953735352,0.9990510941,602.8052978516,242.9558868408,0.9998450279000001,633.2007446289,205.3950805664,0.9982101917,1684074668.17179,,,,,,,38.1082090138,35.1557282293,33.3834666281,33.9642595961,36.5090524415,37.8272255242,0.2298995113,,,,,1422,PV91,2023-05-14 14:31:08.171789824,,,-0.43332608000000006
34,1793,687.5314331055,260.9992980957,0.9998923540000001,660.3745117188,233.1949768066,0.9990451336,602.7495727539,242.9426574707,0.9998449087000001,633.217590332,205.3906555176,0.9981979728,1684074668.188456,,,,,,,38.1113722857,35.1566406438,33.3833377438,33.9640166654,36.5081073286,37.8275545502,0.2293797279,,,,,1422,PV91,2023-05-14 14:31:08.188455936,,,-0.41665996800000005
35,1794,687.5059814453,260.9698486328,0.9998917580000001,660.356262207,233.1810302734,0.9990279675,602.7333374023,242.936340332,0.9998451471,633.2065429688,205.3921966553,0.9981642365000001,1684074668.205123,,,,,,,38.1122994306,35.1570761896,33.3847494615,33.9659819143,36.5087346033,37.8274379435,0.2295326037,,,,,1422,PV91,2023-05-14 14:31:08.205123072,,,-0.399992832
36,1795,687.4838256836,260.9251403809,0.9998911619,660.3414306641,233.1653137207,0.999029994,602.7357177734,242.9432678223,0.9998465776000001,633.1989746094,205.4055023193,0.9981688261,1684074668.221789,,,,,,,38.1121456036,35.156597973,33.3859898135,33.9689823215,36.509126596,37.8264661124,0.2300476646,,,,,1422,PV91,2023-05-14 14:31:08.221788928,,,-0.3833269760000001
37,1796,687.5192260742,260.943572998,0.9998933077000001,660.3690185547,233.1913452148,0.9990350604,602.77734375,242.9509735107,0.9998487234000001,633.2188720703,205.4391021729,0.9981768131000001,1684074668.238456,,,,,,,38.1097892515,35.156066414,33.3840354896,33.9677666675,36.5079045101,37.8240242548,0.2297128507,,,,,1422,PV91,2023-05-14 14:31:08.238456064,,,-0.36665984000000007
38,1797,687.5053710938,260.9319152832,0.9998919964,660.3594970703,233.1835327148,0.9990359545,602.7407836914,242.9725646973,0.9998455048,633.2136230469,205.4351501465,0.9981799126,1684074668.255122,,,,,,,38.1117585106,35.1545717627,33.3848028344,33.9685430465,36.5082130545,37.8243108801,0.2302194672,,,,,1422,PV91,2023-05-14 14:31:08.255121920,,,-0.34999398400000004
39,1798,687.4747924805,260.9375,0.9998904467,660.3354492188,233.1585083008,0.9990305305,602.728515625,242.939163208,0.9998446703,633.1960449219,205.3795318604,0.9981706142000001,1684074668.271788,,,,,,,38.1125594953,35.156880829,33.3864827977,33.9681394243,36.5093642973,37.8283578802,0.2301166255,,,,,1422,PV91,2023-05-14 14:31:08.271787776,,,-0.3333281280000001
40,1799,687.5307617188,261.0291137695,0.9998928308,660.3930664062,233.2237548828,0.9990481138,602.7387695312,242.9579467773,0.9998466969,633.2553710938,205.4183959961,0.9982033968,1684074668.288455,,,,,,,38.1119199155,35.1555828344,33.3833593762,33.9620034506,36.5058769033,37.8255457396,0.228978809,,,,,1422,PV91,2023-05-14 14:31:08.288454912,,,-0.3166609920000001
41,1800,687.5720214844,261.0042419434,0.9998947382000001,660.4039306641,233.2249908447,0.9990471601,602.7537841797,242.9699554443,0.9998486042,633.2358398438,205.4457397461,0.9981995821,1684074668.305121,,,,,,,38.111039052,35.154752034,33.3811031485,33.9637186568,36.5069166582,37.8235463353,0.22920408250000002,,,,,1422,PV91,2023-05-14 14:31:08.305121024,,,-0.2999948800000001
42,1801,687.5051879883,261.0263366699,0.9998903275000001,660.3604736328,233.2170257568,0.9990428686,602.7481079102,242.9597930908,0.9998452663,633.2156982422,205.4077148438,0.9981953502,1684074668.321788,,,,,,,38.1113926821,35.1554551515,33.3847633595,33.9621680435,36.5081658951,37.8263103567,0.22932207640000002,,,,,1422,PV91,2023-05-14 14:31:08.321788160,,,-0.28332774400000005
43,1802,687.5629882812,261.0683288574,0.9998928308,660.3760986328,233.2291412354,0.9990253448,602.7390136719,242.9441986084,0.9998458624000001,633.1892089844,205.3899536133,0.9981579185,1684074668.338454,,,,,,,38.1119559843,35.1565335756,33.3815661306,33.95938385,36.5097255872,37.8275957901,0.22867791780000002,,,,,1422,PV91,2023-05-14 14:31:08.338454016,,,-0.266661888
44,1803,687.5316162109,260.9876708984,0.9998911619,660.3671875,233.2045288086,0.9990510345,602.8248901367,242.9604187012,0.9998495579000001,633.2028198242,205.4214019775,0.998210907,1684074668.355121,,,,,,,38.1070983717,35.1554149918,33.3833340017,33.9648012274,36.5088645737,37.8253082412,0.22985387370000002,,,,,1422,PV91,2023-05-14 14:31:08.355120896,,,-0.24999500800000007
45,1804,687.5172119141,261.0006713867,0.9998898506,660.3673095703,233.2008972168,0.9990413189,602.7648925781,242.9488067627,0.9998476505,633.2174682617,205.4011230469,0.9981927276,1684074668.371787,,,,,,,38.1104948247,35.1562153429,33.3841185406,33.9639108577,36.5080856889,37.82679202,0.2294650259,,,,,1422,PV91,2023-05-14 14:31:08.371787008,,,-0.23332889600000006
46,1805,687.5532226562,261.0176086426,0.9998928308,660.3922119141,233.2124023438,0.9990450144,602.8000488281,242.936340332,0.9998509884000001,633.2312011719,205.4072113037,0.9981971383,1684074668.388453,,,,,,,38.1085690158,35.1570787084,33.3821298494,33.9627992183,36.507285068,37.8263519952,0.2290108669,,,,,1422,PV91,2023-05-14 14:31:08.388453120,,,-0.21666278400000005
47,1806,687.6005859375,261.0135803223,0.9998954535000001,660.391784668,233.2207794189,0.9990474582000001,602.8526000977,242.9478302002,0.9998530149,633.1829833984,205.4279785156,0.9981994629000001,1684074668.405119,,,,,,,38.1055922682,35.1562872636,33.3795304273,33.9631146032,36.5099775599,37.8248224236,0.22927763410000002,,,,,1422,PV91,2023-05-14 14:31:08.405118976,,,-0.19999692800000002
48,1807,687.5698852539,261.0041809082,0.9998937845,660.3642578125,233.2130889893,0.9990409613000001,602.8096923828,242.9483795166,0.9998493195,633.1586914062,205.4219970703,0.9981881976,1684074668.421787,,,,,,,38.1079891321,35.1562469825,33.3812217797,33.9637213566,36.5113774833,37.8252503406,0.2293852999,,,,,1422,PV91,2023-05-14 14:31:08.421787136,,,-0.1833287680000001
49,1808,687.5947875977,260.9866333008,0.9998952150000001,660.380065918,233.2059631348,0.9990464449,602.7911376953,242.9485626221,0.9998519421000001,633.1653442383,205.42527771,0.9981976151,1684074668.438453,,,,,,,38.1090249357,35.1562334188,33.3798643261,33.9649269602,36.5109893858,37.8250126873,0.2294008556,,,,,1422,PV91,2023-05-14 14:31:08.438452992,,,-0.16666291200000005
50,1809,687.5643310547,260.9868164062,0.9998937845,660.36328125,233.2030334473,0.9990450144,602.8027954102,242.9493103027,0.9998512268,633.1622924805,205.4192352295,0.9981961846,1684074668.455119,,,,,,,38.1083719311,35.1561830186,33.381534946,33.9648872048,36.5111803654,37.8254530968,0.2295869553,,,,,1422,PV91,2023-05-14 14:31:08.455118848,,,-0.14999705600000002
51,1810,687.5596313477,260.9807128906,0.9998931885000001,660.3588867188,233.1992950439,0.9990437031,602.8187866211,242.9238586426,0.9998522997,633.1580810547,205.4178771973,0.9981942773,1684074668.471786,,,,,,,38.1075659797,35.1579431711,33.3817975369,33.9652956476,36.5114243075,37.8255493843,0.2292088806,,,,,1422,PV91,2023-05-14 14:31:08.471785984,,,-0.1333299200000001
52,1811,687.6285400391,260.9887695312,0.9998990297,660.4017333984,233.1982421875,0.9990496635,602.8063964844,242.9358673096,0.9998546839,633.1749267578,205.407699585,0.9982002974,1684074668.488452,,,,,,,38.1082197788,35.1571127924,33.3780056425,33.9648140457,36.5104933754,37.8262971165,0.2292868026,,,,,1422,PV91,2023-05-14 14:31:08.488451840,,,-0.11666406400000007
53,1812,687.6092529297,260.9813232422,0.9998978376000001,660.3961181641,233.1969299316,0.9990485907000001,602.8314208984,242.9336242676,0.9998559952,633.1830444336,205.4125213623,0.9981993437000001,1684074668.505118,,,,,,,38.1068283721,35.1572678106,33.3790690862,33.9652994029,36.510017226,37.8259494477,0.2293788981,,,,,1422,PV91,2023-05-14 14:31:08.505117952,,,-0.09999795200000006
54,1813,687.5764770508,260.9868774414,0.9998953342,660.3782958984,233.201461792,0.9990541339000001,602.8218383789,242.9174957275,0.9998531342,633.1801147461,205.4160461426,0.9982129335000001,1684074668.521784,,,,,,,38.1074175359,35.1583832281,33.3808676761,33.9648956381,36.5101728227,37.8256908572,0.22897216880000001,,,,,1422,PV91,2023-05-14 14:31:08.521784064,,,-0.08333184000000005
55,1814,687.5549316406,260.9854125977,0.9998934269,660.3597412109,233.2002563477,0.9990502596,602.8212280273,242.9318847656,0.9998545647,633.1646118164,205.4151153564,0.9982070923,1684074668.538451,,,,,,,38.1074047255,35.1573883717,33.3820540754,33.9649741679,36.5110609326,37.825752658,0.2293651518,,,,,1422,PV91,2023-05-14 14:31:08.538450944,,,-0.0666649600000001
56,1815,687.565612793,260.9774475098,0.9998943806,660.369934082,233.1916503906,0.9990577698,602.8109130859,242.9360198975,0.9998552799,633.1742553711,205.4058532715,0.9982212186,1684074668.555117,,,,,,,38.1079628413,35.1571023673,33.3814716522,33.9655215538,36.5105366003,37.8264310185,0.2295568985,,,,,1422,PV91,2023-05-14 14:31:08.555116800,,,-0.04999910400000007
57,1816,687.5706176758,260.9676513672,0.9998947382000001,660.3609619141,233.1884918213,0.9990469217000001,602.80078125,242.9318084717,0.9998538494,633.1513671875,205.4093322754,0.9981990457000001,1684074668.571784,,,,,,,38.1085447351,35.1573922653,33.3812008041,33.9661869712,36.511830821,37.8261695698,0.2295256152,,,,,1422,PV91,2023-05-14 14:31:08.571783936,,,-0.033331968000000045
58,1817,687.5744018555,260.9467163086,0.9998962879000001,660.3645019531,233.1768035889,0.9990478158,602.7968139648,242.9258728027,0.9998555183000001,633.1546020508,205.4068908691,0.9981993437000001,1684074668.58845,,,,,,,38.1087900948,35.1578028217,33.3810052349,33.9676034772,36.5116533523,37.8263492001,0.22961154990000002,,,,,1422,PV91,2023-05-14 14:31:08.588450048,,,-0.016665856000000034
59,1818,687.5586547852,260.9796142578,0.9998942614,660.3602294922,233.1979370117,0.9990474582000001,602.8208618164,242.9298248291,0.9998540878000001,633.1618041992,205.4162597656,0.9982006550000001,1684074668.605116,,,,,,,38.1074291341,35.1575311235,33.3818520193,33.9653686971,36.5112203221,37.82566822,0.22936563610000002,206.0,755.0,111.10539260297344,11.2447,1422,PV91,2023-05-14 14:31:08.605115904,207.10901840985534,,0.0
60,1819,687.5584106445,260.9808654785,0.9998935461,660.36328125,233.1985321045,0.9990470409000001,602.8138427734,242.9251098633,0.9998522997,633.1681518555,205.4161987305,0.9982005358,1684074668.621783,,,,,,,38.1078394667,35.1578560903,33.381866721,33.9652852935,36.510857729,37.8256761715,0.2292159202,206.0,755.0,111.1141583117289,11.2447,1422,PV91,2023-05-14 14:31:08.621783040,207.2251749335917,,0.016667135999999916
61,1820,687.5747070312,260.9940795898,0.9998942614,660.3785400391,233.2055664062,0.9990487099,602.7901000977,242.9327545166,0.9998522997,633.1823120117,205.4170684814,0.9982031584000001,1684074668.63845,,,,,,,38.1091396759,35.1573269008,33.3809608492,33.9644065459,36.5100452442,37.8256165925,0.2290828784,208.0,755.0,111.06892314530197,11.2996,1422,PV91,2023-05-14 14:31:08.638449920,207.32594737485377,,0.033334015999999855
62,1821,687.5850830078,260.9707336426,0.9998962879000001,660.3820800781,233.1910858154,0.9990493059000001,602.7901611328,242.9312286377,0.9998524189,633.1790771484,205.4114379883,0.9982023239000001,1684074668.655116,,,,,,,38.1091431339,35.1574325557,33.3804047065,33.9659925497,36.5102456382,37.8260266751,0.22933770350000002,210.0,755.0,110.99967895044074,11.3545,1422,PV91,2023-05-14 14:31:08.655116032,207.1316340370623,,0.050000127999999866
63,1822,687.5800170898,260.9927062988,0.9998936653,660.3715820312,233.2062683105,0.9990460873,602.8133544922,242.928817749,0.999853611,633.1630859375,205.4198150635,0.9981984496,1684074668.671782,,,,,,,38.1078508527,35.1576008251,33.3806693725,33.9645055982,36.5111341007,37.8254109282,0.2291027524,212.0,755.0,110.95709358464705,11.4094,1422,PV91,2023-05-14 14:31:08.671782144,207.31062768444716,,0.06666623999999988
64,1823,687.5775146484,260.9889526367,0.9998937845,660.3636474609,233.2052307129,0.9990503788,602.7928466797,242.9328613281,0.9998533726000001,633.1497802734,205.4215240479,0.9982069731000001,1684074668.688449,,,,,,,38.1089864617,35.1573194611,33.380808152,33.9647568677,36.5118870414,37.8252815152,0.22915716400000002,214.0,755.0,110.90057939034172,11.4643,1422,PV91,2023-05-14 14:31:08.688449024,207.26893992212663,,0.08333311999999993
65,1824,687.5781860352,260.992980957,0.9998937845,660.391784668,233.2113342285,0.9990511537000001,602.8159790039,242.9434967041,0.9998528957,633.2053833008,205.4297027588,0.9982085228,1684074668.705115,,,,,,,38.107654771,35.1565848678,33.3807731376,33.96448291,36.508695245,37.8247049308,0.2292302094,216.0,755.0,110.84077063244771,11.5192,1422,PV91,2023-05-14 14:31:08.705115136,207.2086215481555,,0.09999923199999994
66,1825,687.58203125,260.9927978516,0.9998941422000001,660.3715820312,233.2087249756,0.9990454912000001,602.8157958984,242.936920166,0.9998534918,633.1611328125,205.4246520996,0.9981967807000001,1684074668.721782,,,,,,,38.1076894084,35.1570402391,33.3805606215,33.9644997834,36.5112322149,37.8250579302,0.22922801,218.0,755.0,110.78576422977277,11.5741,1422,PV91,2023-05-14 14:31:08.721782016,207.21228856622827,,0.11666611199999999
67,1826,687.5864868164,260.9936523438,0.9998940229000001,660.3782958984,233.2051086426,0.9990466833,602.8174438477,242.9332427979,0.9998528957,633.1700439453,205.4165496826,0.9981992841,1684074668.738448,,,,,,,38.1076089049,35.157294477,33.3803133988,33.9644459665,36.5107463351,37.8256509936,0.22921260670000002,218.0,755.0,110.78639532305971,11.5741,1422,PV91,2023-05-14 14:31:08.738447872,207.22506978775152,,0.1333319679999999
68,1827,687.6403808594,261.0516662598,0.9998980761,660.4005126953,233.2241973877,0.9990456104000001,602.7769165039,242.931427002,0.9998514652,633.1606445312,205.3967285156,0.9981930852,1684074668.755114,,,,,,,38.109882849,35.1574183175,33.3773221546,33.9605771142,36.5113370001,37.8270918905,0.2285688655,220.0,755.0,110.77054113443666,11.629,1422,PV91,2023-05-14 14:31:08.755113984,207.72125509346628,,0.14999807999999992
69,1828,687.6938476562,261.0775756836,0.9999023676000001,660.408996582,233.2316589355,0.9990355968,602.7608642578,242.9382019043,0.9998496771000001,633.1241455078,205.3857421875,0.9981688261,1684074668.77178,,,,,,,38.1107556836,35.1569485098,33.3743737732,33.9588744769,36.5134451447,37.827880009,0.22848251960000002,222.0,755.0,110.7216797226993,11.6839,1422,PV91,2023-05-14 14:31:08.771780096,207.78649320295563,,0.16666419199999993
70,1829,687.4997558594,260.9433898926,0.9998872280000001,660.3931884766,233.0867614746,0.9990797043,603.6156616211,243.5639190674,0.9998694658,633.2865600586,205.2301177979,0.9982721806,1684074668.788447,,,,,,,38.0608214712,35.1137364324,33.3851080911,33.9677622061,36.5046086186,37.8392802871,0.248236334,226.0,755.0,109.45841378660444,11.7937,1422,PV91,2023-05-14 14:31:08.788446976,193.56108784339455,,0.18333107199999998
71,1830,688.3984375,254.7679748535,0.9997497201000001,660.3566894531,230.4898834229,0.9995154738,608.9671020508,246.833190918,0.9999164343,632.3148803711,206.2117919922,0.9992812276,1684074668.805113,,,,,,,37.7513583446,34.8888090331,33.3388674757,34.3872719785,36.5573326792,37.7674371057,0.4010124494,228.0,755.0,100.48731993812359,11.8486,1422,PV91,2023-05-14 14:31:08.805113088,130.18059397426387,,0.199997184
72,1831,695.4928588867,250.0876464844,0.9997044206000001,660.3941040039,231.3904266357,0.9998233318,622.7274169922,255.1903533936,0.9994674325,625.2953491211,212.6932067871,0.9999421835000001,1684074668.82178,,,,,,,36.9627295871,34.319927969,32.9489253994,34.7137342829,36.9383189946,37.295773147,0.6953915539000001,230.0,755.0,83.13524177600041,11.9035,1422,PV91,2023-05-14 14:31:08.821779968,83.24513128999935,,0.21666406400000005
73,1832,697.2629394531,247.0627441406,0.9993774295000001,660.0242919922,233.4286804199,0.9992260933,634.1571655273,261.920135498,0.9999409914,622.7857055664,219.794631958,0.9990746975,1684074668.838446,,,,,,,36.315387255,33.8680976204,32.8517158811,34.9232487433,37.0595821916,36.7856198802,0.9705178591,232.0,755.0,66.9374227953197,11.9584,1422,PV91,2023-05-14 14:31:08.838445824,62.443193932511385,,0.23332991999999997
74,1833,702.5806884766,242.9671173096,0.9998754263,663.333984375,235.1253356934,0.9998145103,647.5184936523,270.8577270508,0.9997671247000001,624.0872192383,227.2835388184,0.9997535348000001,1684074668.855113,,,,,,,35.5643848176,33.2752811464,32.5572083573,35.2115423209,36.9643315683,36.2541212658,1.2547581073,234.0,755.0,50.18593622981189,12.0133,1422,PV91,2023-05-14 14:31:08.855112960,47.85143743413708,,0.24999705599999988
75,1834,701.4278564453,237.1714935303,0.9991983771,664.5568847656,235.2580871582,0.9991561174,657.8592529297,278.8923950195,0.9999227524000001,627.6859741211,233.3446960449,0.9991138577,1684074668.871779,,,,,,,34.9876138053,32.7485611789,32.6218803434,35.6130158118,36.7454256552,35.8287756834,1.4688872676,236.0,755.0,37.58120700430363,12.0682,1422,PV91,2023-05-14 14:31:08.871779072,38.77632273320458,,0.2666631679999999
76,1835,704.8720092773,236.43019104,0.9997821450000001,664.5794677734,237.8257751465,0.9990231395,668.2604370117,281.6181945801,0.9994764924,624.2868652344,239.2213439941,0.9982641339,1684074668.888446,,,,,,,34.419024618,32.5757559966,32.4297765371,35.668627887,36.9195783236,35.4178800888,1.6567350977,238.0,755.0,26.234187643412284,12.1231,1422,PV91,2023-05-14 14:31:08.888446208,31.242142693465052,,0.28333030400000003
77,1836,704.4019165039,235.1074371338,0.9996925592,663.3291625977,240.9043579102,0.9987592697000001,677.5699462891,286.0404052734,0.9999735355,622.2564086914,246.7012634277,0.9978260398000001,1684074668.905113,,,,,,,33.9102145786,32.2926021471,32.456024379,35.760568571,37.0120467396,34.9003130092,1.8356137584,240.0,755.0,15.53300260514334,12.178,1422,PV91,2023-05-14 14:31:08.905113088,23.98679305205773,,0.29999718399999986
78,1837,706.9499511719,238.2629394531,0.9998130202000001,667.7587890625,242.6917114258,0.9998095632,682.7002563477,290.5956420898,0.9999437332000001,628.5676879883,247.1204986572,0.9998061061000001,1684074668.921778,,,,,,,33.629662568,31.9996411994,32.3139636825,35.543157506200004,36.6601185441,34.8732794858,1.8319101601,242.0,755.0,15.556431596052775,12.2329,1422,PV91,2023-05-14 14:31:08.921777920,23.929870200873175,,0.3166620159999999
79,1838,706.9325561523,243.7054290771,0.9999662638000001,669.4838867188,249.0947875977,0.9995923638,685.9793701172,295.4634399414,0.9998887777000001,632.0352783203,254.4841308594,0.9992184639,1684074668.938445,,,,,,,33.4501489869,31.6867857861,32.315393998,35.1653178509,36.4497353071,34.3708527677,1.8646410224,244.0,755.0,13.62197411834969,12.2878,1422,PV91,2023-05-14 14:31:08.938445056,22.560379078414076,,0.333329152
80,1839,708.345703125,247.896270752,0.9998701811,669.2099609375,256.921081543,0.9997897148,688.4890136719,306.8093566895,0.999953866,630.07421875,265.945892334,0.9997093081,1684074668.955111,,,,,,,33.3103977226,30.9607317865,32.2374545907,34.8778953266,36.5305203542,33.5960641837,1.8874582238,246.0,755.0,12.594326974512512,12.3427,1422,PV91,2023-05-14 14:31:08.955110912,21.755851004987324,,0.34999500799999994
81,1840,708.5612792969,252.5855407715,0.9999289513,668.5412597656,261.8192749023,0.9998524189,690.8568725586,313.7773742676,0.9999684095,628.5211791992,271.0529785156,0.9997758269,1684074668.971777,,,,,,,33.1814623407,30.5203621785,32.2262106646,34.556655592,36.6035400282,33.2543367687,1.9202077613,248.0,755.0,10.812677057798108,12.3976,1422,PV91,2023-05-14 14:31:08.971777024,20.49425777094451,,0.36666111999999995
82,1841,706.9048461914,256.3453674316,0.9999542236000001,669.1809082031,265.2749633789,0.9999380708000001,691.5958862305,320.1840209961,0.9999597073000001,631.4569702148,274.2045288086,0.9999219179000001,1684074668.988444,,,,,,,33.1402650821,30.1175160075,32.3181208244,34.2985231529,36.4355778013,33.045926191,1.9055742764999999,250.0,755.0,11.827974259607569,12.4525,1422,PV91,2023-05-14 14:31:08.988444160,21.16736896821569,,0.38332825599999987
83,1842,706.9232177734,260.8052368164,0.9999710321,668.0700073242,269.8806152344,0.9999579787,691.7243041992,322.4521789551,0.999980092,629.216796875,278.9559936523,0.9999449253,1684074669.00511,,,,,,,33.1328306199,29.9755132158,32.3175685391,33.9962007284,36.5469553007,32.7309818508,1.9370247431,252.0,755.0,10.054255687757394,12.5074,1422,PV91,2023-05-14 14:31:09.005110016,19.987125672167007,,0.399994112
84,1843,707.8967895508,266.4816589355,0.9999185801,669.4712524414,274.9331054688,0.9998500347,692.2362060547,327.8026428223,0.9999680519,631.045715332,283.3845214844,0.9997814298000001,1684074669.021777,,,,,,,33.1043418227,29.6421707271,32.2648246946,33.6149861535,36.4373369388,32.4405324728,1.9236350554000001,254.0,755.0,10.966452789459305,12.5623,1422,PV91,2023-05-14 14:31:09.021776896,20.605177581993928,,0.41666099200000006
85,1844,708.1995239258,271.3793945312,0.9999438524,670.4826049805,280.3005065918,0.9998667240000001,695.5677490234,335.5457458496,0.9998754263,632.7656860352,289.2216186523,0.9997895360000001,1684074669.038443,,,,,,,32.9269148494,29.1653454164,32.2489854611,33.287744655,36.3312642809,32.0599628923,1.9413880362,256.0,755.0,10.019718193486941,12.6172,1422,PV91,2023-05-14 14:31:09.038443008,19.92415424478939,,0.4333271040000001
86,1845,711.4131469727,279.6254882812,0.9998354912,673.6722412109,287.6990356445,0.9997956753,700.6040039062,343.2719421387,0.9999212027000001,635.9312744141,295.7725524902,0.999755919,1684074669.05511,,,,,,,32.6614543921,28.6950116678,32.0754971134,32.7442360361,36.1465706397,31.636676985,1.9639150555,258.0,755.0,8.68467726800515,12.6721,1422,PV91,2023-05-14 14:31:09.055109888,18.978248347302337,,0.4499939839999999
87,1846,713.9392089844,286.0122375488,0.9995676875,676.0484008789,293.9164428711,0.9995184541000001,701.6860961914,348.7757873535,0.9996964931000001,638.1575927734,301.8206787109,0.9994692206,1684074669.071776,,,,,,,32.6048797485,28.3604506567,31.9402660072,32.3271846003,36.0148711146,31.2486858383,1.9517289485,260.0,755.0,9.499796165612345,12.727,1422,PV91,2023-05-14 14:31:09.071776000,19.524547976077326,,0.4666600959999999
88,1847,715.4422607422,289.8847351074,0.9999386072,676.0814819336,300.2673950195,0.9998848438000001,703.9812011719,354.0861206055,0.999956131,636.720703125,310.6500549316,0.9998310804,1684074669.088443,,,,,,,32.4852751821,28.0405131953,31.860301997,32.0758933978,36.0752296803,30.6854098061,1.9885167078000001,262.0,755.0,7.418140897620679,12.7819,1422,PV91,2023-05-14 14:31:09.088443136,18.131226697914915,,0.48332723200000005
89,1848,718.6217041016,294.645690918,0.9998699427000001,679.1208496094,305.9686889648,0.9998131990000001,707.4484863281,360.2576904297,0.9999428988000001,639.6200561523,317.2916564941,0.9997563958000001,1684074669.105108,,,,,,,32.305430748,27.6715824496,31.6906172678,31.7699846412,35.9082343973,30.2672975705,1.9906196002,264.0,755.0,7.284616167640069,12.8368,1422,PV91,2023-05-14 14:31:09.105107968,18.03457626731424,,0.49999206400000007
90,1849,719.3154296875,298.8168945312,0.9998248219,680.7711791992,310.1900939941,0.9998850822,711.7895507812,364.1518249512,0.9999599457,642.2269287109,321.563293457,0.9999454021,1684074669.121775,,,,,,,32.0805645984,27.4417080276,31.6553196809,31.5012238295,35.7620972028,30.0004813007,2.0280343612,266.0,755.0,4.9564769692700565,12.8917,1422,PV91,2023-05-14 14:31:09.121774848,16.463215184581557,,0.5166589439999999
91,1850,721.2185058594,302.0947875977,0.9999123812,682.2377929688,313.5028686523,0.9999455810000001,714.5172729492,368.8633117676,0.9999468327000001,643.2570800781,324.910949707,0.9999787807,1684074669.138442,,,,,,,31.9405884248,27.1628619891,31.5547091676,31.2923912958,35.7018553812,29.7918699221,2.0339844503,266.0,755.0,4.65368278957099,12.8917,1422,PV91,2023-05-14 14:31:09.138441984,16.227224191735633,,0.53332608
92,1851,723.4170532227,305.9412536621,0.9999861717,685.1315917969,317.4037475586,0.9999334812,718.2332763672,373.6126708984,0.9999144077000001,646.8461914062,328.8662414551,0.9998807907,1684074669.155108,,,,,,,31.7500968277,26.8838930678,31.4389531567,31.0483447642,35.5054009814,29.5475772613,2.0379634273,268.0,755.0,4.322747404996178,12.9466,1422,PV91,2023-05-14 14:31:09.155108096,16.02071857306161,,0.549992192
93,1852,723.2678222656,311.3143310547,0.9999622107,686.6196289062,322.5064086914,0.9997227788,721.1660766602,378.8540039062,0.9999338388000001,649.9713745117,333.6984863281,0.9994833469000001,1684074669.171775,,,,,,,31.6011893429,26.576662653,31.4503519877,30.7059370853,35.3331472748,29.2500953159,2.055360405,270.0,755.0,3.300721810473578,13.0015,1422,PV91,2023-05-14 14:31:09.171774976,15.346917267766193,,0.5666590719999999
94,1853,727.6452636719,317.4585876465,0.9998270869,690.5955810547,328.6392211914,0.9998575449,728.1425170898,386.9622497559,0.9999159575000001,653.5459594727,339.8198547363,0.9998880625000001,1684074669.188441,,,,,,,31.2466554652,26.1064113182,31.220774632,30.3217237396,35.1365601172,28.8754616302,2.0761231077,274.0,755.0,1.860109167547105,13.1113,1422,PV91,2023-05-14 14:31:09.188441088,14.424634320745858,,0.5833251839999999
95,1854,734.3256225586,325.4702453613,0.9999006987000001,697.1776123047,336.7099304199,0.9998767376000001,735.1672973633,395.1203918457,0.9998456240000001,660.0296020508,347.9496154785,0.9998527765,1684074669.205108,,,,,,,30.8921704516,25.6369689734,30.8718741439,29.8258299328,34.7866497458,28.3829172958,2.080262038,276.0,755.0,1.4399526890421857,13.1662,1422,PV91,2023-05-14 14:31:09.205107968,14.167659197692224,,0.5999920639999999
96,1855,737.7828979492,334.3237609863,0.9998441935000001,702.4360351562,346.1159667969,0.9998598695,742.3662719727,404.3158874512,0.9999679327000001,667.0891113281,357.9081726074,0.9998755455,1684074669.221773,,,,,,,30.5322910214,25.1115426788,30.6972285754,29.2789358244,34.4083107928,27.7852653588,2.1043397969,278.0,755.0,-0.08936316557625348,13.2211,1422,PV91,2023-05-14 14:31:09.221772800,13.159278799324753,,0.616656896
97,1856,743.4913330078,343.0143737793,0.9998791218,708.6494140625,354.7532348633,0.9998410940000001,748.274230957,414.7738037109,0.9998987913,673.8075561523,366.4920654297,0.9998031259000001,1684074669.238441,,,,,,,30.2424358711,24.5175496986,30.4052592431,28.7496485388,34.052600213,27.2757297544,2.0876253742,280.0,755.0,0.8754790126802081,13.276,1422,PV91,2023-05-14 14:31:09.238440960,13.86372300334331,,0.633325056
98,1857,752.4895629883,353.1314697266,0.9999366999,716.9276123047,365.4917602539,0.9997153282000001,758.4835205078,422.3857116699,0.999963522,681.3656005859,377.8520507812,0.9994939566000001,1684074669.255107,,,,,,,29.732562482,24.0929477089,29.9447787561,28.1420647686,33.6555137585,26.6077576431,2.1329714604,282.0,755.0,-2.196663612757056,13.3309,1422,PV91,2023-05-14 14:31:09.255106816,11.845465910803663,,0.6499909119999999
99,1858,762.6797485352,363.9393615723,0.9995574355000001,725.548828125,376.1820678711,0.9997415543,765.3455810547,431.7366638184,0.9998800755,688.41796875,388.4247741699,0.9999257326000001,1684074669.271773,,,,,,,29.3978751232,23.5708209704,29.427055136,27.5005762473,33.2891237861,25.9930783364,2.1237631584,284.0,755.0,-1.804852250292912,13.3858,1422,PV91,2023-05-14 14:31:09.271773184,12.196151530823997,,0.66665728
100,1859,769.9739379883,369.0255432129,0.9999625683000001,732.7774658203,384.7395629883,0.9998902082000001,775.0089111328,441.6923217773,0.9998948574000001,695.5809326172,400.4535827637,0.9998177886,1684074669.288439,,,,,,,28.9247633535,23.0208395366,29.0544294237,27.2036613979,32.9208165754,25.301017028,2.1389450937,286.0,755.0,-3.010165874208081,13.4407,1422,PV91,2023-05-14 14:31:09.288439040,11.48423634677106,,0.6833231359999999
101,1860,773.0042114258,379.934753418,0.9999392033000001,737.2478027344,396.1859130859,0.9996117353,785.7261962891,456.2754821777,0.9999228716,701.491394043,412.4371032715,0.9992842078,1684074669.305106,,,,,,,28.4103730668,22.2203561938,28.9165345079,26.5588669801,32.6203210393,24.618673752,2.1815551233,288.0,755.0,-5.640952205694542,13.4956,1422,PV91,2023-05-14 14:31:09.305105920,9.844826329403917,,0.699990016
102,1861,775.9515380859,390.5548400879,0.9998413324000001,742.6603393555,407.6096801758,0.9998559356000001,792.6715698242,468.3703918457,0.9999446869,709.369140625,424.6645507812,0.9998705387000001,1684074669.321772,,,,,,,28.0849097957,21.561775366,28.7835975675,25.9377947658,32.2237942548,23.931306094900002,2.1929399598,290.0,755.0,-6.310062758152964,13.5505,1422,PV91,2023-05-14 14:31:09.321772032,9.538133926387538,,0.716656128
103,1862,780.1737060547,399.5781860352,0.9998737574000001,748.9370727539,416.9127807617,0.9998892546,801.4887084961,476.9823608398,0.9999859333000001,717.7004394531,434.2474060059,0.9999047518,1684074669.338439,,,,,,,27.6605995125,21.098304288,28.582865666,25.4166170805,31.8073476431,23.3990811548,2.2243439782,292.0,755.0,-8.485763805105,13.6054,1422,PV91,2023-05-14 14:31:09.338438912,8.21013519502706,,0.733323008
104,1863,787.9694824219,408.2769470215,0.9999006987000001,756.9094238281,425.559753418,0.9998783469,809.3728027344,486.044921875,0.9999135733000001,725.8493041992,442.8425292969,0.9998559952,1684074669.355104,,,,,,,27.2858779956,20.6125062825,28.1989454041,24.9215076767,31.4026353153,22.9257566566,2.2203712626,294.0,755.0,-8.542009771477865,13.6603,1422,PV91,2023-05-14 14:31:09.355104000,8.363984880256027,,0.7499880959999999
105,1864,792.9203491211,415.2592773438,0.9997746348000001,762.569152832,433.5930175781,0.9998425245,817.153503418,493.708984375,0.9999850988000001,732.217956543,451.9267883301,0.9999104738000001,1684074669.371771,,,,,,,26.9146299984,20.2041782198,27.9595437566,24.525564219,31.090107015,22.4277472851,2.2440847108,296.0,755.0,-10.266995662441492,13.7152,1422,PV91,2023-05-14 14:31:09.371771136,7.369593451799159,,0.7666552320000001
106,1865,801.6251831055,424.7155151367,0.9999146461,769.95703125,442.1939086914,0.9998933077000001,823.1881103516,501.7123718262,0.9999719858,738.2888183594,459.6722717285,0.9998719692,1684074669.388438,,,,,,,26.6326984467,19.7787785617,27.5346146689,23.9946134447,30.793373609,22.00629916,2.2367612398,298.0,755.0,-10.046373729847451,13.7701,1422,PV91,2023-05-14 14:31:09.388438016,7.713826554940996,,0.7833221119999999
107,1866,807.3721923828,430.4454956055,0.9999079704,774.3041381836,448.8085632324,0.9999452233,829.6404418945,509.1629943848,0.9998886585000001,741.2360839844,467.1716308594,0.9999824762,1684074669.405104,,,,,,,26.3295432452,19.3847418082,27.2541354685,23.675147989,30.6535974598,21.5990294108,2.2497312881,300.0,755.0,-11.067946471353723,13.825,1422,PV91,2023-05-14 14:31:09.405103872,7.218292219980862,,0.799987968
108,1867,814.8319091797,436.4953308105,0.9999505281000001,781.4563598633,455.4725952148,0.9997401834,836.3225708008,517.2156982422,0.9999860525,748.0808105469,474.4498291016,0.9995298386,1684074669.42177,,,,,,,26.0174572027,18.9604584315,26.8877552405,23.3403799411,30.3207964191,21.2080421583,2.2336149297,302.0,755.0,-10.420671672967497,13.8799,1422,PV91,2023-05-14 14:31:09.421769984,7.85961801818583,,0.8166540800000001
109,1868,820.6982421875,442.8636474609,0.9999451637000001,787.8520507812,461.4370117188,0.9999400377000001,843.5411987305,524.0946044922,0.9997538924,755.005859375,480.010345459,0.9999349117,1684074669.438437,,,,,,,25.6763840611,18.5996444579,26.6047873622,22.9879664054,29.983487237,20.9114751925,2.2340931246,304.0,755.0,-10.858037654183184,13.9348,1422,PV91,2023-05-14 14:31:09.438436864,7.782577373136644,,0.8333209600000001
110,1869,829.0039672852,451.8205871582,0.9999569654,796.0515136719,470.2933959961,0.9998357296,852.3068237305,533.9273681641,0.9999847412,763.0989990234,488.7662353516,0.9997145534,1684074669.455104,,,,,,,25.2674317176,18.085390658,26.2055781714,22.4949511099,29.5938110356,20.4452634429,2.2317852832,306.0,755.0,-11.132969399166985,13.9897,1422,PV91,2023-05-14 14:31:09.455104000,7.85851993457248,,0.849988096
111,1870,835.4475708008,460.914276123,0.9999574423,803.2951660156,479.4867858887,0.9999687076,859.2341918945,543.442199707,0.9999504089000001,771.1427001953,498.0592956543,0.9999799728000001,1684074669.47177,,,,,,,24.9502484007,17.5896711037,25.9034242387,21.9960900001,29.2094525893,19.9530281385,2.2269428246,308.0,755.0,-11.11148990737831,14.044599999999999,1422,PV91,2023-05-14 14:31:09.471770112,8.096325078275083,,0.866654208
112,1871,843.0738525391,470.725769043,0.9999377728000001,809.9262084961,490.4250488281,0.9997878075000001,867.6146240234,554.8624267578,0.9999895096,776.7785644531,510.1243286133,0.9996378422000001,1684074669.488436,,,,,,,24.5675086787,16.9973179647,25.5446619089,21.4616389016,28.9502777389,19.3163649882,2.2395062489,310.0,755.0,-12.139322837635806,14.099499999999999,1422,PV91,2023-05-14 14:31:09.488435968,7.7392944407228175,,0.883320064
113,1872,850.5697631836,482.4440612793,0.9999890327000001,818.1966552734,501.2741088867,0.9999601245,875.8195800781,566.2716674805,0.9999513626000001,785.8234863281,520.1041870117,0.9999312162,1684074669.505103,,,,,,,24.1946331346,16.4081740321,25.2001073127,20.8267719701,28.5220043624,18.7947659765,2.2354841516,312.0,755.0,-12.21766009810304,14.154399999999999,1422,PV91,2023-05-14 14:31:09.505103104,7.966799279852955,,0.8999872000000001
114,1873,858.5427856445,494.8173217773,0.9998171926,826.5877685547,513.0690307617,0.9998729229000001,883.2432861328,578.2282714844,0.9999933243,794.6327514648,531.3207397461,0.9999285936000001,1684074669.521769,,,,,,,23.86324522,15.7936723717,24.8352544764,20.1614226974,28.1097239334,18.2114226762,2.2263875152,314.0,755.0,-11.90078921860553,14.209299999999999,1422,PV91,2023-05-14 14:31:09.521768960,8.409914175649824,,0.916653056
115,1874,864.4955444336,504.7377929688,0.9998861551,833.2440185547,522.6287841797,0.9998797178000001,889.8825683594,588.1000366211,0.9998806715,801.9925537109,540.5197143555,0.9998732805,1684074669.538435,,,,,,,23.5649980273,15.2880953805,24.5662673429,19.6312825797,27.7666520406,17.7355083196,2.2245818722,314.0,755.0,-11.929002451359718,14.209299999999999,1422,PV91,2023-05-14 14:31:09.538435072,8.556698856100486,,0.933319168
116,1875,871.1255493164,515.0709228516,0.9999786615,839.3646240234,531.8721313477,0.9999714494,897.0457763672,598.5856933594,0.9999684095,807.6036987305,548.6733398438,0.9999642372,1684074669.555101,,,,,,,23.2432711094,14.7526778544,24.2654444229,19.082324946,27.5083551361,17.3152928457,2.225170463,316.0,755.0,-12.259496348489055,14.264199999999999,1422,PV91,2023-05-14 14:31:09.555100928,8.627400497416692,,0.949985024
117,1876,878.538269043,524.6284179688,0.9997884631,846.5297851562,541.1053466797,0.9996837974,902.4047851562,607.8540039062,0.9999685287000001,814.5213623047,557.5822143555,0.9995791316,1684074669.571768,,,,,,,23.0074933967,14.2812741243,23.9235501172,18.5773708796,27.1887652634,16.8580415584,2.208938446,318.0,755.0,-11.502591899057201,14.319099999999999,1422,PV91,2023-05-14 14:31:09.571768064,9.226505270449316,,0.9666521600000001
118,1877,881.9612426758,531.9103393555,0.9999841452,851.3286743164,549.3151855469,0.9999801517,908.9727172852,615.8887939453,0.9999126196,820.696105957,566.7199707031,0.9999761581000001,1684074669.588435,,,,,,,22.7080906081,13.8722466594,23.7758262478,18.1939182064,26.9070252325,16.3908292958,2.2269451743,322.0,755.0,-13.100771724036353,14.428899999999999,1422,PV91,2023-05-14 14:31:09.588434944,8.71632530864883,,0.9833190399999999
119,1878,888.6798095703,535.1715087891,0.9998362064,857.3702392578,554.44140625,0.9997073412,914.0999755859,622.9903564453,0.9999880791,826.0606689453,573.7113647461,0.9995785356,1684074669.605101,,,,,,,22.4771954781,13.511677712200001,23.4483425108,18.0228732251,26.6609402185,16.0345261853,2.2032301021,324.0,755.0,-12.066543021066417,14.483799999999999,1422,PV91,2023-05-14 14:31:09.605101056,9.423926107891981,,0.9999851519999999
120,1879,898.4545898438,545.259765625,0.9999754429000001,864.0980834961,562.536315918,0.9999463558,919.619934082,629.7474365234,0.9999742508,829.7415771484,579.8128662109,0.9999172688000001,1684074669.621768,,,,,,,22.2257748578,13.1684261964,22.9909545688,17.4941029385,26.4953832906,15.7244516237,2.2024298246,326.0,755.0,-12.437780998991453,14.538699999999999,1422,PV91,2023-05-14 14:31:09.621767936,9.445531983892314,,1.016652032
121,1880,901.9200439453,551.4490966797,0.9998807907,868.5201416016,568.5084228516,0.9998864532,923.7822265625,634.0964355469,0.9996374846,835.1201782227,585.5677490234,0.9998921156,1684074669.638434,,,,,,,22.0337213629,12.9470458048,22.838491118,17.1708139311,26.2467929322,15.4323490464,2.212964205,328.0,755.0,-13.458853792324499,14.593599999999999,1422,PV91,2023-05-14 14:31:09.638434048,9.134329717222398,,1.0333181439999999
122,1881,909.4312744141,556.475769043,0.999622941,874.0791015625,573.3139648438,0.9997161627000001,928.3009033203,638.8039550781,0.9999762774000001,838.7269287109,590.1522216797,0.9998093247000001,1684074669.6551,,,,,,,21.8251302568,12.7073980562,22.4776882801,16.9079816751,26.0820217827,15.2001288079,2.2036441566000002,330.0,755.0,-13.381171075460696,14.6485,1422,PV91,2023-05-14 14:31:09.655100160,9.350449090583508,,1.0499842560000001
123,1882,911.5902709961,553.2725219727,0.9998501539,877.5720214844,574.8765869141,0.9998869896,933.5504150391,646.5113525391,0.999977231,843.5538330078,596.4806518555,0.9999238253,1684074669.671767,,,,,,,21.5903091609,12.3174217125,22.3564048076,17.0742999369,25.8623009238,14.8801393456,2.1736275943,332.0,755.0,-12.028658752876959,14.7034,1422,PV91,2023-05-14 14:31:09.671767040,10.152516045136306,,1.066651136
124,1883,916.9741210938,560.2717285156,0.99997437,883.1020507812,581.6182861328,0.9999225140000001,939.8779907227,652.2802734375,0.999769628,849.2299804688,602.96484375,0.9998706579000001,1684074669.688433,,,,,,,21.2952270297,12.0228354041,22.1104007711,16.7090123312,25.6020503111,14.5526355872,2.1880781261,334.0,755.0,-13.542655041727755,14.7583,1422,PV91,2023-05-14 14:31:09.688432896,9.709060239988558,,1.0833169919999999
125,1884,921.6135864258,572.029296875,0.9997878671,887.9758300781,590.9315795898,0.9998770952,943.4926147461,658.5980224609,0.9999511242,854.3380126953,609.8338623047,0.9999663830000001,1684074669.705099,,,,,,,21.1369062302,11.7042761936,21.9205553179,16.098845654,25.3707513534,14.2065882211,2.1997424716,336.0,755.0,-14.475693237853891,14.8132,1422,PV91,2023-05-14 14:31:09.705099008,9.493765298059206,,1.099983104
126,1885,925.5139160156,581.039855957,0.9999526739000001,894.3678588867,599.4038085938,0.9998145103,948.7305297852,666.0296020508,0.9999679327000001,863.2218017578,617.7677001953,0.9996763468000001,1684074669.721766,,,,,,,20.9014978283,11.3284927763,21.7577692676,15.6332015228,24.9589923634,13.806146386,2.1977713353,338.0,755.0,-14.81388226030166,14.8681,1422,PV91,2023-05-14 14:31:09.721765888,9.578782820967488,,1.116649984
127,1886,934.1663818359,589.854309082,0.9999411106,902.1220092773,607.3475341797,0.9999418855000001,957.1983642578,675.3405761719,0.9999624491,870.0776367188,624.8406982422,0.9999426603,1684074669.738433,,,,,,,20.5112793377,10.8548244056,21.3543119631,15.1764564709,24.6439690615,13.4499346722,2.194406767,340.0,755.0,-15.489000693784169,14.923,1422,PV91,2023-05-14 14:31:09.738432768,9.609297614073338,,1.1333168639999998
128,1887,942.1505737305,599.4999389648,0.9998829365,911.3295898438,617.2545776367,0.9998377562,964.3485717773,687.5272827148,0.9999628067,880.5086669922,635.0092163086,0.9997925162,1684074669.755099,,,,,,,20.1962496252,10.2408858759,20.9878734734,14.678193329,24.1634970012,12.9378080068,2.1590626558,342.0,755.0,-13.96342210928144,14.9779,1422,PV91,2023-05-14 14:31:09.755099136,10.496785575628072,,1.1499832319999999
129,1888,950.6015625,604.4786376953,0.9999277592,920.0740966797,625.0849609375,0.9998995066,975.724609375,700.1669921875,0.9999731779000001,889.5466308594,645.6912231445,0.9998712540000001,1684074669.771766,,,,,,,19.6706747411,9.5966536654,20.5791718043,14.4178023684,23.7526295395,12.4015932171,2.1502529415,344.0,755.0,-14.744481336837131,15.0328,1422,PV91,2023-05-14 14:31:09.771766016,10.576814449681665,,1.1666501120000001
130,1889,960.3629760742,613.8548583984,0.9999730587000001,930.2943725586,635.1833496094,0.9999584556000001,985.1466064453,714.9179077148,0.9998730421,900.225769043,656.5119018555,0.9999438524,1684074669.788432,,,,,,,19.2489284349,8.8511367183,20.120877536,13.9319259688,23.2623582031,11.8573220757,2.1142284787,346.0,755.0,-13.578170614178793,15.0877,1422,PV91,2023-05-14 14:31:09.788431872,11.30426574645857,,1.183315968
131,1890,967.2691650391,630.0900268555,0.9999470711,938.3582763672,648.2093505859,0.9995115399000001,993.3361816406,726.0319824219,0.9999533892,909.4473876953,666.3286743164,0.9990760088,1684074669.805098,,,,,,,18.8753509299,8.2862003159,19.8352620253,13.1020750883,22.8402979606,11.3638520259,2.1286121691,348.0,755.0,-15.441459435265743,15.1426,1422,PV91,2023-05-14 14:31:09.805097984,11.02268190540896,,1.1999820799999998
132,1891,981.5178833008,642.794921875,0.9999783039000001,949.8622436523,658.755859375,0.9999750257000001,1002.1965942383,734.2860717773,0.9998559952,918.2066040039,674.7168579102,0.9999717474,1684074669.821764,,,,,,,18.4569203943,7.8587390834,19.1609281779,12.4430271867,22.4364614861,10.9408577054,2.119205401,350.0,755.0,-16.414947882496385,15.1975,1422,PV91,2023-05-14 14:31:09.821764096,11.028923054324814,,1.216648192
133,1892,990.0209960938,651.791015625,0.9997273088,958.3587646484,667.1179199219,0.9996280670000001,1009.1895751953,743.099609375,0.9999294281000001,926.6965942383,682.4448242188,0.9995288849,1684074669.838431,,,,,,,18.1335420843,7.4072612554,18.7632293248,11.9777881592,22.0434565938,10.550071917,2.1027461672,352.0,755.0,-16.652807540007892,15.2524,1422,PV91,2023-05-14 14:31:09.838430976,11.243359561627434,,1.233315072
134,1893,996.0288085938,658.5634765625,0.9999809265,964.6090087891,674.1329345703,0.999974668,1015.5779418945,749.8609008789,0.9999606609,933.1891479492,689.702331543,0.9999684095,1684074669.855097,,,,,,,17.832813493,7.0571577812,18.4834428521,11.6278484963,21.7466761484,10.1846915642,2.1059995188,354.0,755.0,-18.127900750229028,15.3073,1422,PV91,2023-05-14 14:31:09.855097088,11.098837884354362,,1.2499811840000001
135,1894,1000.9431762695,666.0231933594,0.9998013377,969.5962524414,680.8061523438,0.9997835755000001,1018.8307495117,756.0106811523,0.9999405146,938.2493286133,695.5891113281,0.9997658134,1684074669.871764,,,,,,,17.6886172027,6.7455723334,18.2621878215,11.245141203,21.5158888559,9.8884078097,2.0932656054,356.0,755.0,-18.041492913884284,15.3622,1422,PV91,2023-05-14 14:31:09.871763968,11.328076796772999,,1.266648064
136,1895,1005.9597167969,672.6148071289,0.9999152422,973.8599243164,686.5037841797,0.9996513724,1022.4029541016,761.7210693359,0.9998925924000001,941.7601318359,700.3927001953,0.9993875027,1684074669.888429,,,,,,,17.526363366200002,6.4542904139,18.0317467653,10.9057078543,21.3578584898,9.6475171098,2.0868317142,358.0,755.0,-18.469956404877692,15.4171,1422,PV91,2023-05-14 14:31:09.888428800,11.4253532615054,,1.283312896
137,1896,1007.9982910156,676.7562866211,0.9999768734000001,975.725402832,691.1208496094,0.9999330044,1024.3977050781,766.5518188477,0.9999796152,943.4525146484,705.4854125977,0.9998891354,1684074669.905097,,,,,,,17.4411378433,6.2108803497,17.944028457599998,10.694561501799999,21.2901124597,9.3956048731,2.0869803306,360.0,755.0,-18.96421037959968,15.472,1422,PV91,2023-05-14 14:31:09.905096960,11.476151551451151,,1.299981056
138,1897,1009.2443847656,680.7469482422,0.9999105930000001,976.0493164062,695.3749389648,0.9998929501,1024.9768066406,771.1068115234,0.9999815226000001,942.8542480469,710.0029296875,0.9998753071,1684074669.921762,,,,,,,17.4268608946,5.9855328067,17.8963463848,10.4926347161,21.3331454098,9.1760482541,2.0877000095,362.0,755.0,-19.15060093584647,15.5269,1422,PV91,2023-05-14 14:31:09.921762048,11.579970374730621,,1.316646144
139,1898,1010.7164916992,683.8633422852,0.9999550581000001,977.2684326172,698.5681152344,0.9998676777000001,1025.8747558594,773.9078369141,0.9999703169,943.8204345703,713.2729492188,0.9997803569,1684074669.938429,,,,,,,17.3904349552,5.8452061895,17.8333945434,10.3340077393,21.2954570138,9.0147890359,2.0871584435,362.0,755.0,-19.17694989089207,15.5269,1422,PV91,2023-05-14 14:31:09.938429184,11.630581696824235,,1.33331328
140,1899,1011.4671020508,685.5948486328,0.9999573231000001,978.1039428711,700.5634155273,0.9999036789,1026.8469238281,776.1521606445,0.9999467134000001,944.7407836914,715.5319824219,0.9998500347,1684074669.955096,,,,,,,17.3483488152,5.7319126821,17.8018574002,10.2460284774,21.2569855324,8.902960330900001,2.0870561068,364.0,755.0,-19.59251325724377,15.5818,1422,PV91,2023-05-14 14:31:09.955096064,11.654174436704865,,1.3499801599999999
141,1900,1012.4389038086,687.408203125,0.9999693632000001,978.5357666016,701.8943481445,0.9999022484000001,1027.8371582031,777.2617797852,0.99997437,944.6326293945,716.3804931641,0.9998351336,1684074669.971762,,,,,,,17.3015923278,5.6741700817,17.7592598446,10.1535116533,21.2648146372,8.8618041459,2.093843149,366.0,755.0,-20.4919095772256,15.6367,1422,PV91,2023-05-14 14:31:09.971761920,11.550340577879993,,1.3666460159999998
142,1901,1013.0479125977,687.9197387695,0.9999761581000001,979.2348632812,702.5261230469,0.9999062419,1028.1196289062,777.936706543,0.999977231,945.421875,717.1325683594,0.9998363256,1684074669.988428,,,,,,,17.2894228425,5.6401157006,17.7300168893,10.1266938293,21.2282897898,8.823687037500001,2.0896001958,370.0,755.0,-20.9021283910765,15.7465,1422,PV91,2023-05-14 14:31:09.988428032,11.613868646154486,,1.383312128
143,1902,1013.3294677734,688.2397460938,0.9999792576000001,979.0891723633,703.1535644531,0.9998801947,1028.2630615234,778.8844604492,0.9999809265,944.8488769531,718.0674438477,0.9997810721,1684074670.005094,,,,,,,17.2852199836,5.5931491921,17.7168344758,10.1101267411,21.2591896088,8.7792069558,2.0903191005,372.0,755.0,-21.236559855739056,15.8014,1422,PV91,2023-05-14 14:31:10.005094144,11.627047694455841,,1.3999782399999998
144,1903,1013.7945556641,689.2830200195,0.9999825954,979.7207641602,703.8941650391,0.9998898506,1028.0772705078,780.0568847656,0.9999865294,945.6469726562,718.5053710938,0.9997970462,1684074670.021761,,,,,,,17.2984960536,5.5362960166,17.6971481017,10.0571003234,21.2213072944,8.7563741832,2.0799628282000002,374.0,755.0,-20.83182704475216,15.8563,1422,PV91,2023-05-14 14:31:10.021761024,11.807236849146001,,1.41664512
145,1904,1014.3876342773,690.3088989258,0.9999829531000001,979.688293457,704.5549316406,0.9998731613,1028.1440429688,781.4107666016,0.9999881983000001,944.9889526367,718.8009643555,0.9997633100000001,1684074670.038428,,,,,,,17.2994960555,5.4696922956,17.6707963926,10.004664498,21.25448061,8.7432164176,2.0767423997,376.0,755.0,-20.900859297994767,15.9112,1422,PV91,2023-05-14 14:31:10.038428160,11.886613674425337,,1.4333122559999998
146,1905,1016.1063842773,691.4069213867,0.9999692440000001,980.5923461914,705.5688476562,0.9999185801,1028.6735839844,782.4350585938,0.9999850988000001,945.0783081055,719.7307739258,0.9998679161,1684074670.055094,,,,,,,17.2758664648,5.4176594043,17.5867947717,9.9461372806,21.2528366412,8.6977665635,2.0729684123,378.0,755.0,-21.096155405964783,15.966099999999999,1422,PV91,2023-05-14 14:31:10.055094016,11.939645262526469,,1.4499781119999997
147,1906,1016.9840087891,692.2387695312,0.9999495745,981.1438598633,706.3858032227,0.9999374747,1028.3765869141,783.7971191406,0.9999827147,945.3037109375,720.5328369141,0.9999253750000001,1684074670.07176,,,,,,,17.2953686107,5.3519221597,17.5449766421,9.9027135773,21.2441347067,8.6582860553,2.0615352563,380.0,755.0,-20.59586197231549,16.021,1422,PV91,2023-05-14 14:31:10.071759872,12.137982934123468,,1.466643968
148,1907,1018.241027832,693.7292480469,0.9999480247,982.14453125,707.4632568359,0.9999530315,1028.3818359375,785.5004272461,0.9999887943,946.048034668,721.197265625,0.9999580383000001,1684074670.088427,,,,,,,17.3005623237,5.2684297442,17.4862749948,9.8255895741,21.2095657969,8.6245163176,2.0483069595,382.0,755.0,-20.065717227703146,16.075899999999997,1422,PV91,2023-05-14 14:31:10.088427008,12.349370139038609,,1.4833111039999998
149,1908,1018.4595336914,696.2504882812,0.9998887777000001,982.0177612305,709.7570800781,0.999930203,1027.9798583984,787.5229492188,0.9999848604,945.5759887695,723.263671875,0.9999716282000001,1684074670.105093,,,,,,,17.3274400403,5.170741405,17.4852427354,9.6994815168,21.2387831062,8.5248470267,2.0473218669,384.0,755.0,-20.10166866784939,16.1308,1422,PV91,2023-05-14 14:31:10.105093120,12.438618345072204,,1.499977216
150,1909,1019.6790161133,699.1851196289,0.9996367693,982.3572998047,712.46484375,0.999797523,1028.20703125,790.7180786133,0.999958992,945.0356445312,725.7445068359,0.9999582767,1684074670.12176,,,,,,,17.3259903528,5.0134471449,17.4342675169,9.5505422492,21.2724886323,8.4052302926,2.0435169998,386.0,755.0,-20.10464057062332,16.185699999999997,1422,PV91,2023-05-14 14:31:10.121760000,12.563155614368123,,1.5166440959999998
151,1910,1021.3212280273,701.6654052734,0.9997602105000001,984.0346679688,715.1727294922,0.9998362064,1029.7053222656,795.0953979492,0.999963522,946.7481079102,728.6799926758,0.999912262,1684074670.138426,,,,,,,17.263577779,4.7937227714,17.3596292106,9.4232233251,21.1970609938,8.2591571531,2.0326701148,388.0,755.0,-20.045042835946703,16.2406,1422,PV91,2023-05-14 14:31:10.138426112,12.736861842694534,,1.533310208
152,1911,1022.1539306641,703.2072143555,0.9998775721000001,984.9014282227,717.119140625,0.999879837,1030.3646240234,798.0874633789,0.9999591112,947.6489257812,731.0310058594,0.999882102,1684074670.155092,,,,,,,17.2393658258,4.6448106026,17.3229035821,9.3445188896,21.1596996807,8.1431028481,2.0251178093,390.0,755.0,-20.007083605713483,16.295499999999997,1422,PV91,2023-05-14 14:31:10.155091968,12.870755077137307,,1.549976064
153,1912,1022.6657104492,704.6240844727,0.9999097586000001,985.7924804688,718.8998413086,0.9998742342,1030.5814208984,800.3111572266,0.9999573231000001,948.9192504883,733.1755981445,0.9998387098,1684074670.171758,,,,,,,17.235195847,4.5351324026,17.3022044907,9.2728082476,21.1036107892,8.0363356794,2.0164167569,392.0,755.0,-19.813341547333703,16.3504,1422,PV91,2023-05-14 14:31:10.171757824,13.014962981385477,,1.56664192
154,1913,1023.6369018555,706.1018066406,0.9999554157,986.7785644531,721.0023193359,0.9999215603,1031.8515625,802.1294555664,0.9999200106,949.9202880859,735.9028930664,0.9998877048,1684074670.188426,,,,,,,17.1762498136,4.4413956253,17.2580511045,9.1969482976,21.0623839607,7.9018155983,2.0207142394,394.0,755.0,-20.738221524735977,16.405299999999997,1422,PV91,2023-05-14 14:31:10.188425984,12.954559336197645,,1.58331008
155,1914,1025.5307617188,708.7446289062,0.9999798536000001,988.5281982422,722.9241943359,0.9999401569,1033.0847167969,803.4921875,0.9998368025000001,951.5256958008,737.1038208008,0.9999004602,1684074670.205092,,,,,,,17.1177450084,4.3700469684,17.1709358295,9.0608525985,20.9871151189,7.8401326987,2.0188472883,396.0,755.0,-21.334362722694596,16.4602,1422,PV91,2023-05-14 14:31:10.205091840,12.950456655312125,,1.5999759359999999
156,1915,1026.6173095703,710.9728393555,0.9999637604,990.6782226562,724.5555419922,0.9999346137,1033.9377441406,805.0130004883,0.9998391867,954.7391967773,738.1381835938,0.999905467,1684074670.221758,,,,,,,17.0790133332,4.2923384155,17.1237593541,8.9473655364,20.8323762738,7.7830385602,2.0070977787,398.0,755.0,-21.24330700822308,16.515099999999997,1422,PV91,2023-05-14 14:31:10.221757952,13.07266295199586,,1.616642048
157,1916,1028.1328125,713.0026245117,0.9998854399,992.349609375,726.240234375,0.9999093413000001,1036.3477783203,807.3474121094,0.9998062253000001,956.56640625,739.4777832031,0.9999332428000001,1684074670.238424,,,,,,,16.9634963987,4.1687671514,17.0536127955,8.8426191629,20.7464910415,7.7140006965,2.0111673119,400.0,755.0,-22.57109677835119,16.57,1422,PV91,2023-05-14 14:31:10.238424064,12.972726949010335,,1.63330816
158,1917,1030.0126953125,716.0609741211,0.9999457598,993.637878418,728.3051757812,0.9999359250000001,1036.8182373047,810.1961669922,0.9994464517,957.2630615234,740.5493164062,0.9999260902,1684074670.25509,,,,,,,16.9481838439,4.0273452293,16.9686825575,8.6857833978,20.7153627117,7.660419528,1.9993021691,402.0,755.0,-22.328358389427446,16.624899999999997,1422,PV91,2023-05-14 14:31:10.255089920,13.144137361032262,,1.6499740159999998
159,1918,1033.1854248047,719.3496704102,0.9998232722,995.6734619141,730.9173583984,0.9998528957,1037.5256347656,812.9399414062,0.9998341799,958.1615600586,742.4849853516,0.9998825788000001,1684074670.271757,,,,,,,16.9204327015,3.8901238292,16.8177253757,8.5139489381,20.6768163461,7.5644101335,1.9855563172,404.0,755.0,-22.08108308249191,16.6798,1422,PV91,2023-05-14 14:31:10.271756800,13.314303548618593,,1.666640896
160,1919,1033.1666259766,721.3226318359,0.9999208450000001,996.5822753906,732.9615478516,0.9998732805,1037.6522216797,816.9570922852,0.9999591112,959.9979248047,744.6005249023,0.9998256564,1684074670.288424,,,,,,,16.9259626266,3.6927750351,16.8265023849,8.4160519796,20.592654024,7.4575425068,1.9686498778,406.0,755.0,-21.42453505495806,16.7347,1422,PV91,2023-05-14 14:31:10.288423936,13.566876042607664,,1.6833080319999998
161,1920,1032.8572998047,723.2743530273,0.9999347925000001,997.1259765625,735.8134765625,0.9999014139000001,1037.1190185547,820.807434082,0.9999130964,961.3946533203,748.3526000977,0.9998680353,1684074670.30509,,,,,,,16.9643860265,3.5062727933,16.850165994,8.3200690752,20.5348157144,7.2721646245,1.9537453802,408.0,755.0,-20.658700077564102,16.7896,1422,PV91,2023-05-14 14:31:10.305090048,13.819736122950225,,1.699974144
162,1921,1034.5931396484,728.3591308594,0.9998646975000001,997.9699707031,739.7713623047,0.9998602867,1037.2025146484,824.4556884766,0.9997250438,961.3467407227,751.1835327148,0.999855876,1684074670.321757,,,,,,,16.9707169527,3.3272353852,16.7803112006,8.0630702511,20.5453135288,7.1348958663,1.9479474837000001,410.0,755.0,-20.661114523605786,16.8445,1422,PV91,2023-05-14 14:31:10.321757184,13.949468745371037,,1.7166412800000002
163,1922,1036.2337646484,731.7832641602,0.9996328354,998.8890991211,742.6870117188,0.9997949004000001,1038.3447265625,827.4462280273,0.9998662472000001,961.5444335938,753.5907592773,0.9999569654,1684074670.338423,,,,,,,16.9212636379,3.1760694428,16.7087909715,7.888665705,20.5424724161,7.0176677904,1.9499977906,410.0,755.0,-21.138355999931825,16.8445,1422,PV91,2023-05-14 14:31:10.338423040,13.942146485548228,,1.733307136
164,1923,1036.7152099609,733.0666503906,0.9996290207,999.6779785156,744.2076416016,0.9998037815,1039.2071533203,829.5429077148,0.9999202490000001,962.6408081055,755.3485717773,0.9999785423,1684074670.355089,,,,,,,16.8834174659,3.0697769741,16.6888582933,7.8236801222,20.4935932191,6.9298089246,1.9483010182,412.0,755.0,-21.753680384296352,16.8994,1422,PV91,2023-05-14 14:31:10.355088896,13.96113721419262,,1.749972992
165,1924,1037.212890625,735.1493530273,0.9998705387000001,1000.0649414062,746.0542602539,0.9999235868,1039.6697998047,831.591796875,0.9998991489000001,962.9169921875,756.9591674805,0.9999766350000001,1684074670.371756,,,,,,,16.8657123663,2.9674502217,16.6711409732,7.7190611829,20.4845898475,6.8510494695,1.9483263813,414.0,755.0,-22.32925934999501,16.9543,1422,PV91,2023-05-14 14:31:10.371756032,13.983793635961778,,1.7666401280000001
166,1925,1037.7690429688,736.5467529297,0.999930501,1000.5004882812,747.4307861328,0.9999503493,1040.1256103516,832.6710205078,0.9998904467,963.2319946289,758.3148193359,0.9999701977000001,1684074670.388422,,,,,,,16.8455944554,2.9126464503,16.6477530948,7.6482142116,20.4729464525,6.7845693565000005,1.9499513437,418.0,755.0,-23.459214621725334,17.0641,1422,PV91,2023-05-14 14:31:10.388421888,13.971836158603777,,1.783305984
167,1926,1038.0654296875,737.3533325195,0.9999428988000001,1000.9146728516,748.0061645508,0.9999559522,1040.1693115234,833.5083618164,0.9998962879000001,963.7638549805,758.658996582,0.9999690056,1684074670.405088,,,,,,,16.8457289443,2.8714258923,16.6355154954,7.607397794,20.4477796918,6.7665850223,1.945233903,420.0,755.0,-23.635923607321725,17.119,1422,PV91,2023-05-14 14:31:10.405088000,14.027522415384588,,1.7999720959999999
168,1927,1038.3460693359,737.598815918,0.9999415874,1001.8118896484,748.1690673828,0.9999562502,1040.1707763672,834.2489624023,0.9999222755,965.2776489258,758.7393188477,0.9999709129000001,1684074670.421756,,,,,,,16.8477354978,2.8351238067,16.6219481456,7.5944020118,20.3735761008,6.7589783616,1.9339899096000002,422.0,755.0,-23.426771947263777,17.1739,1422,PV91,2023-05-14 14:31:10.421755904,14.136008156839186,,1.81664
169,1928,1038.4987792969,737.9045410156,0.9999438524,1002.0789794922,748.2667236328,0.9999577403000001,1040.4200439453,834.4349365234,0.999935627,965.6591186523,758.6289672852,0.9999716282000001,1684074670.438421,,,,,,,16.8355896424,2.8249573524000002,16.6152216771,7.5788046576,20.3544929983,6.7633907632,1.9334877358,424.0,755.0,-23.939507770305212,17.2288,1422,PV91,2023-05-14 14:31:10.438420992,14.131820085202635,,1.833305088
170,1929,1039.0391845703,738.3817138672,0.9999449253,1002.4388427734,748.6585693359,0.9999554753000001,1040.3435058594,834.7308349609,0.9999341965,965.8384399414,758.9354248047,0.9999660254,1684074670.455088,,,,,,,16.8403068993,2.8107776321999998,16.5891048581,7.5535504906,20.3465437936,6.748086544,1.9295674202000002,426.0,755.0,-24.124132708507563,17.2837,1422,PV91,2023-05-14 14:31:10.455087872,14.173761855294206,,1.8499719679999997
171,1930,1039.7264404297,739.0524902344,0.9999641180000001,1002.6832275391,749.0175170898,0.9999651313000001,1040.3601074219,834.8247680664,0.9999409914,965.6400146484,758.9825439453,0.9999661446,1684074670.471754,,,,,,,16.8397258275,2.8061022375,16.5561231217,7.5182607045,20.3564391171,6.7462913153,1.9283992306000002,428.0,755.0,-24.504920157099157,17.3386,1422,PV91,2023-05-14 14:31:10.471753984,14.184398561432326,,1.86663808
172,1931,1039.9334716797,740.1357421875,0.9999687672,1002.7093505859,749.5499267578,0.9999684095,1039.7341308594,835.6344604492,0.9999155998,965.4852905273,758.9641113281,0.9999680519,1684074670.488421,,,,,,,16.8737971366,2.7690749941,16.549548755300002,7.4640033793,20.3640002038,6.7475682339,1.9207870325,430.0,755.0,-24.25768575515455,17.3935,1422,PV91,2023-05-14 14:31:10.488420864,14.293457788000019,,1.8833049599999998
173,1932,1040.0830078125,741.0826416016,0.9999682903,1002.7166748047,750.1792602539,0.9999663234,1038.7576904297,835.8068237305,0.9999394417,965.350402832,759.2758789062,0.9999643564,1684074670.505087,,,,,,,16.923857283,2.7647587525,16.5454178187,7.4166769518,20.3715213043,6.7327825864,1.9128603993,432.0,755.0,-23.84512116593016,17.4484,1422,PV91,2023-05-14 14:31:10.505086976,14.40837272789709,,1.899971072
174,1933,1040.8352050781,742.6563720703,0.9999604225000001,1002.9353027344,751.0632324219,0.9999606609,1038.0621337891,836.9761352539,0.9999152422,965.0353393555,759.4700927734,0.9999608994,1684074670.521754,,,,,,,16.9623957287,2.7104180606,16.5124909809,7.3364751501,20.3875653808,6.724141928,1.9024450746000001,434.0,755.0,-23.414114351461713,17.5033,1422,PV91,2023-05-14 14:31:10.521754112,14.54823141985627,,1.9166382080000002
175,1934,1041.1417236328,743.9202880859,0.9999380112,1003.0810546875,752.2770996094,0.9999228716,1037.4652099609,838.4378662109,0.9998776913,965.020324707,760.6339111328,0.999907732,1684074670.538419,,,,,,,16.9966880241,2.6413493544,16.5014221213,7.2729852533,20.3915968678,6.6677609707,1.8939627426,436.0,755.0,-23.140873404985065,17.5582,1422,PV91,2023-05-14 14:31:10.538418944,14.671979755084697,,1.9333030399999998
176,1935,1041.5701904297,745.1754150391,0.9998998642,1003.5267333984,753.3342285156,0.9998748899000001,1036.9155273438,840.2421264648,0.9997585416,965.4832763672,761.492980957,0.9998499155,1684074670.555086,,,,,,,17.0294764883,2.5553243704,16.4840011789,7.2095497469,20.3712565917,6.6249717241,1.8809843187,438.0,755.0,-22.63856749274218,17.6131,1422,PV91,2023-05-14 14:31:10.555085824,14.832106467347831,,1.94996992
177,1936,1041.7493896484,746.3534545898,0.9999271631000001,1003.4281005859,754.2863769531,0.9998897910000001,1036.9807128906,841.3120117188,0.9996322393,965.1068725586,762.2192382812,0.9998524189,1684074670.571752,,,,,,,17.0290798853,2.5026520959000003,16.4791712228,7.1507157375,20.3918074358,6.5907133985,1.8822903134,440.0,755.0,-23.21289656983147,17.668,1422,PV91,2023-05-14 14:31:10.571752192,14.838792036947453,,1.9666362880000001
178,1937,1041.474609375,746.612121582,0.9999237061,1003.2071533203,754.7144165039,0.9998869300000001,1036.8524169922,842.6881103516,0.999571979,964.9397583008,762.8167114258,0.9998501539,1684074670.588419,,,,,,,17.0392983235,2.4358148519,16.4943499425,7.1387890867,20.4016984838,6.5621767527,1.8796837491,442.0,755.0,-23.49291554236261,17.7229,1422,PV91,2023-05-14 14:31:10.588419072,14.889891703479204,,1.983303168
179,1938,1041.5682373047,748.1611938477,0.9999376535000001,1003.2512817383,756.1026611328,0.9998889565,1037.1832275391,844.2384033203,0.9997449517,964.9343261719,764.0440673828,0.9998402596,1684074670.605086,,,,,,,17.0267154993,2.3584717193999998,16.4953165114,7.0618950341,20.405401752,6.5027256633,1.8821419438,444.0,755.0,-24.274625439386888,17.7778,1422,PV91,2023-05-14 14:31:10.605086208,14.883940489303292,,1.999970304
180,1939,1041.91015625,750.3946533203,0.9999244213,1003.7652587891,758.4790039062,0.9998482466,1036.9660644531,846.9629516602,0.9998241067,965.6203613281,766.5634155273,0.9997720122,1684074670.621752,,,,,,,17.0449806453,2.2259763706,16.4859703392,6.9503989954000005,20.3787247208,6.3789570937,1.873737147,446.0,755.0,-24.239832555408064,17.8327,1422,PV91,2023-05-14 14:31:10.621752064,15.00521222392318,,2.01663616
181,1940,1041.6722412109,753.2356567383,0.9999718666,1003.5634765625,760.8048095703,0.9999495745,1035.7954101562,848.9036254883,0.9998911619,965.4547729492,768.3739013672,0.9999272823,1684074670.638418,,,,,,,17.1093304885,2.136020392,16.5087681557,6.8107939195,20.3918772825,6.2917044649000005,1.8656622415,448.0,755.0,-23.789531490179716,17.8876,1422,PV91,2023-05-14 14:31:10.638417920,15.154583921033868,,2.033302016
182,1941,1041.1945800781,755.1983032227,0.9999785423,1003.108581543,762.3936767578,0.9999732375,1034.6129150391,850.7220458984,0.9998438358,965.0225830078,769.589050293,0.9999679327000001,1684074670.655084,,,,,,,17.1738418037,2.0521319878,16.5406243492,6.7154200455,20.4164410842,6.2339851228,1.8576664548,450.0,755.0,-23.33614324437993,17.9425,1422,PV91,2023-05-14 14:31:10.655083776,15.29991606228401,,2.049967872
183,1942,1041.7694091797,756.2125854492,0.9999806881000001,1003.4738769531,763.3811645508,0.9999786615,1034.4553222656,851.3594360352,0.9998526573000001,965.1784057617,770.5497436523,0.9999766350000001,1684074670.671751,,,,,,,17.1834556528,2.0216157868,16.5146630174,6.6634650658,20.4114334927,6.1870814097,1.8535840272000002,452.0,755.0,-23.539336942150495,17.9974,1422,PV91,2023-05-14 14:31:10.671750912,15.346552377482988,,2.066635008
184,1943,1042.0767822266,756.8610839844,0.9999792576000001,1003.8977050781,764.2367553711,0.9999802113,1034.5718994141,851.8643798828,0.999828577,965.7185668945,771.6124267578,0.9999811649,1684074670.688417,,,,,,,17.1788801608,1.9963911526,16.5011650998,6.6304402538,20.3878415654,6.1342518817,1.8517274772,454.0,755.0,-23.99369949247855,18.0523,1422,PV91,2023-05-14 14:31:10.688417024,15.361976271787208,,2.08330112
185,1944,1042.078125,756.887512207,0.9999790192,1004.0931396484,764.6461181641,0.9999795556000001,1034.9503173828,852.7236938477,0.9997668862,966.1081542969,772.4046630859,0.999980092,1684074670.705084,,,,,,,17.1619934929,1.9526716631,16.5011947693,6.6291325962,20.3708886475,6.094894431,1.8520784194000002,456.0,755.0,-24.712503624094335,18.1072,1422,PV91,2023-05-14 14:31:10.705084160,15.355328134252005,,2.099968256
186,1945,1042.2091064453,757.1889648438,0.9999793768,1004.2996826172,764.9587402344,0.9999781847,1034.9813232422,853.6508178711,0.9996962547,966.3903198242,772.7285766602,0.9999769926000001,1684074670.72175,,,,,,,17.1628185004,1.9071467619,16.4955319289,6.6138202665,20.357924495,6.078480992,1.8481841116000002,458.0,755.0,-25.038661184094117,18.1621,1422,PV91,2023-05-14 14:31:10.721750016,15.395468593050836,,2.116634112
187,1946,1043.03515625,758.2239379883,0.9999746084000001,1005.0388793945,765.5790405273,0.9999721646,1035.017578125,854.2191162109,0.9997723699000001,967.0426025391,772.9341430664,0.9999697208,1684074670.738417,,,,,,,17.1624521188,1.8791633348999999,16.4566604025,6.5599913719,20.3264652314,6.0668277376,1.841193649,458.0,755.0,-24.682160287186168,18.1621,1422,PV91,2023-05-14 14:31:10.738416896,15.449674933358098,,2.133300992
188,1947,1043.4426269531,758.779296875,0.9999667406,1005.5056152344,766.0112304688,0.9999637008000001,1034.9959716797,855.7113037109,0.9995399714000001,967.5685424805,773.2431640625,0.9999606609,1684074670.755083,,,,,,,17.1673678939,1.8061982151,16.4376401444,6.5312203203,20.301484058,6.0504875362,1.8327068764,460.0,755.0,-24.759972366990088,18.217,1422,PV91,2023-05-14 14:31:10.755083008,15.530489481719762,,2.149967104
189,1948,1043.7595214844,759.8350219727,0.9999486208,1005.8552246094,766.8182373047,0.9999458790000001,1034.9139404297,857.0908813477,0.9992161989,967.9509887695,773.8013916016,0.9999431372,1684074670.77175,,,,,,,17.1750281748,1.7390109776,16.4251145187,6.4780422428,20.284231058,6.0224574049,1.8265596913,462.0,755.0,-24.948627972177924,18.2719,1422,PV91,2023-05-14 14:31:10.771749888,15.595886166400446,,2.166633984
190,1949,1043.4617919922,761.0018920898,0.999902606,1005.8166503906,768.0770263672,0.9998988509000001,1035.2740478516,859.1990966797,0.9990411401,968.1715698242,775.1520996094,0.9998950958,1684074670.788416,,,,,,,17.1621961595,1.6341760027999999,16.4447092111,6.4214473447,20.277099441,5.9564942948,1.8281360474000001,466.0,755.0,-26.357380071579758,18.3817,1422,PV91,2023-05-14 14:31:10.788416000,15.600469337348617,,2.183300096
191,1950,1043.5736083984,763.041015625,0.9999470711,1005.7922363281,769.9904785156,0.9998521805,1034.681640625,862.053894043,0.9992104769000001,968.0108642578,776.9399414062,0.9997572303000001,1684074670.805082,,,,,,,17.1992469028,1.4970127101,16.4462857896,6.3204515739,20.2898645917,5.870398426,1.8197060086999999,468.0,755.0,-26.310260655482995,18.4366,1422,PV91,2023-05-14 14:31:10.805082112,15.725757355843323,,2.1999662079999998
192,1951,1043.7797851562,764.7855834961,0.9999577999,1005.4261474609,771.3717041016,0.9998805523000001,1033.1179199219,863.7933349609,0.9997443557000001,967.0725708008,777.9577636719,0.9998033643,1684074670.821748,,,,,,,17.2823738681,1.4188406864,16.4419023408,6.2336875488,20.3386693028,5.8236649527,1.8066594992,470.0,755.0,-25.45211304504548,18.4915,1422,PV91,2023-05-14 14:31:10.821747968,15.907927454768542,,2.216632064
193,1952,1043.9356689453,767.628112793,0.9999629259,1005.0191650391,773.4362792969,0.9998937845,1031.8355712891,866.1289672852,0.9998156428,966.1026000977,779.2445068359,0.9998247027,1684074670.838415,,,,,,,17.3526499916,1.3102429613,16.4439811394,6.0929711551,20.3896980792,5.764024318,1.7972741353,472.0,755.0,-24.98849523284419,18.5464,1422,PV91,2023-05-14 14:31:10.838414848,16.059875425487114,,2.233298944
194,1953,1043.615234375,769.001159668,0.9999799728000001,1004.3762207031,774.3958740234,0.9999082088000001,1030.1292724609,866.994140625,0.9999215603,965.1372680664,779.7905273438,0.9998364449,1684074670.855082,,,,,,,17.4405361324,1.2755391606,16.4653544817,6.0263880223,20.4384661312,5.7402010727,1.7868638395,474.0,755.0,-24.140099340250163,18.6013,1422,PV91,2023-05-14 14:31:10.855081984,16.21673932922088,,2.24996608
195,1954,1042.9427490234,770.4177246094,0.9999797344,1003.792175293,775.5415039062,0.9999021292,1029.1953125,868.5341186523,0.999925971,964.6416015625,780.665222168,0.9998245835,1684074670.871747,,,,,,,17.4911537987,1.2043605446,16.5049793327,5.958907276,20.4650737483,5.6992429155,1.7824813643000001,476.0,755.0,-24.07943436997312,18.6562,1422,PV91,2023-05-14 14:31:10.871747072,16.30824102763531,,2.266631168
196,1955,1042.1925048828,771.8987426758,0.9999744892,1002.871887207,777.3515014648,0.9999158978,1028.5139160156,869.4589233398,0.9999549389000001,963.5512695312,782.8042602539,0.9998573065,1684074670.888414,,,,,,,17.5275647525,1.1621629867,16.5487722516,5.8885513418,20.5240981543,5.5987968686,1.7875419085000002,478.0,755.0,-24.644397018395757,18.711100000000002,1422,PV91,2023-05-14 14:31:10.888413952,16.324770588994213,,2.283298048
197,1956,1041.0123291016,772.9730834961,0.9999665022,1001.6217041016,778.7530517578,0.9999559522,1028.1025390625,871.4600219727,0.9999307394,962.2310791016,784.5329589844,0.9999454021,1684074670.905081,,,,,,,17.5529532804,1.066108271,16.6131968408,5.8397575499,20.5931737398,5.5188379517,1.7946397663,480.0,755.0,-25.56330210430684,18.766,1422,PV91,2023-05-14 14:31:10.905081088,16.331312873296127,,2.299965184
198,1957,1040.2453613281,774.306640625,0.9999431372,1000.6182250977,779.8793945312,0.9999480247,1026.7030029297,872.2208862305,0.9999225140000001,960.9910888672,785.4522094727,0.9999529123,1684074670.921747,,,,,,,17.6248954067,1.0351649712,16.657198895,5.7767870793,20.6561380001,5.4777760117,1.7918095444,482.0,755.0,-25.298447307255493,18.8209,1422,PV91,2023-05-14 14:31:10.921746944,16.426171616111418,,2.31663104
199,1958,1039.4267578125,775.6608276367,0.9998773336000001,1000.028503418,781.1048583984,0.9999179244,1026.3083496094,872.9978637695,0.9999397993,960.6302490234,786.5488891602,0.9999585152,1684074670.938413,,,,,,,17.6464835472,0.9989304047,16.7038628586,5.7130135344,20.6765855009,5.4258088181,1.7953118876,484.0,755.0,-25.924981920885195,18.875799999999998,1422,PV91,2023-05-14 14:31:10.938412800,16.436390069476055,,2.333296896
200,1959,1039.4558105469,777.2376708984,0.9997894168,999.9885253906,782.1954345703,0.9998738766,1025.9526367188,873.5551147461,0.9999536276000001,960.5211791992,787.1532592773,0.999958396,1684074670.95508,,,,,,,17.665599333,0.9732695153,16.7077369963,5.6353447938,20.683462565,5.3969356613,1.7937558276,486.0,755.0,-26.26539899840979,18.9307,1422,PV91,2023-05-14 14:31:10.955079936,16.4699963089242,,2.349964032
201,1960,1039.6245117188,778.798034668,0.9998686314,999.8748779297,783.4481201172,0.9999088049,1026.0130615234,874.2091674805,0.9999639988000001,960.1251831055,788.0982666016,0.9999489784000001,1684074670.971747,,,,,,,17.6640943655,0.9410108048,16.7043679067,5.5580111702,20.7052118422,5.3523994288,1.7973760742,488.0,755.0,-27.134030985643736,18.985599999999998,1422,PV91,2023-05-14 14:31:10.971746816,16.45583973390396,,2.366630912
202,1961,1039.5681152344,779.9686279297,0.9998817444,999.9211425781,784.3497924805,0.9999151826,1025.4775390625,875.4161376953,0.9999632835000001,960.274230957,788.7309570312,0.9999486208,1684074670.988413,,,,,,,17.6936978591,0.8843844254000001,16.7112073052,5.5006490817,20.6995587369,5.3214697437,1.7906769725,490.0,755.0,-27.16067015860221,19.0405,1422,PV91,2023-05-14 14:31:10.988413184,16.535018516592483,,2.38329728
203,1962,1039.9543457031,781.6656494141,0.9998865128000001,1000.1635131836,785.6390380859,0.9999139309,1024.9185791016,876.3240356445,0.9999605417,960.3726806641,789.612487793,0.9999413490000001,1684074671.00508,,,,,,,17.7237557783,0.8424957287,16.6970969469,5.4158373126,20.6970082564,5.278674915,1.7835850705,492.0,755.0,-27.12655976006773,19.095399999999998,1422,PV91,2023-05-14 14:31:11.005080064,16.612670098036546,,2.39996416
204,1963,1040.0146484375,783.4240722656,0.9998723269,1000.3410644531,787.2681884766,0.9998964071,1024.5699462891,877.3970947266,0.9999514818,960.6675415039,791.1123046875,0.9999204874000001,1684074671.021745,,,,,,,17.7436487947,0.7915877789,16.6998812238,5.3291748756,20.6864468916,5.205515209,1.77984326,494.0,755.0,-27.421367587832506,19.1503,1422,PV91,2023-05-14 14:31:11.021744896,16.663487377392908,,2.416628992
205,1964,1040.0740966797,785.9415893555,0.9999499321,1000.0571289062,789.0943603516,0.9998847246,1023.1013793945,881.5394897461,0.9998780489,960.0401000977,792.2470703125,0.9998195767,1684074671.038412,,,,,,,17.8264046002,0.5956400594,16.7051928423,5.2052304997,20.7199143595,5.1524911461,1.7617860361000002,496.0,755.0,-26.672110018489636,19.205199999999998,1422,PV91,2023-05-14 14:31:11.038412032,16.879850469277354,,2.433296128
206,1965,1039.6558837891,787.4555664062,0.999951601,999.4804077148,790.5159912109,0.9998222589,1022.0500488281,882.0135498047,0.9998602867,959.3049316406,793.5763549805,0.9996929169000001,1684074671.055079,,,,,,,17.879933602,0.5772125119,16.7316056778,5.1323614445,20.759091046400002,5.0903955126,1.7593932518000002,498.0,755.0,-26.606399184054414,19.2601,1422,PV91,2023-05-14 14:31:11.055078912,16.949043174250143,,2.449963008
207,1966,1039.3369140625,789.0887451172,0.9999397993,999.0961914062,792.1112060547,0.9998116493,1020.9686279297,883.0129394531,0.999904871,958.8555297852,795.133605957,0.9996834993,1684074671.071745,,,,,,,17.9360849517,0.5332325775,16.7532851111,5.0532974169,20.7848761576,5.0165484531,1.7537673917,500.0,755.0,-26.4068498951544,19.314999999999998,1422,PV91,2023-05-14 14:31:11.071745024,17.04174048313765,,2.46662912
208,1967,1037.591796875,789.3954467773,0.9999548197,997.6654052734,792.9301757812,0.9997185469000001,1019.3384399414,883.03515625,0.9999210835000001,957.739074707,796.46484375,0.9994822741,1684074671.088411,,,,,,,18.0173586182,0.5394780336,16.843557121899998,5.0446084891,20.8425272769,4.9554479925,1.7538325286,502.0,755.0,-26.10186139886632,19.3699,1422,PV91,2023-05-14 14:31:11.088411136,17.12153246045256,,2.483295232
209,1968,1035.8427734375,789.6532592773,0.9999520779000001,996.7890625,793.5164794922,0.9997222424000001,1018.9926757812,883.0302124023,0.999932766,957.7352905273,797.3796386719,0.9994924068000001,1684074671.105078,,,,,,,18.0345655404,0.5412716784,16.9337519845,5.0383065788,20.844971206,4.9113745209,1.7612601865,504.0,755.0,-26.934886422659496,19.424799999999998,1422,PV91,2023-05-14 14:31:11.105078016,17.101164018416963,,2.499962112
210,1969,1035.2189941406,791.2094726562,0.9999123812,995.7205200195,794.4641723633,0.9997445345,1019.2883300781,884.6737060547,0.9999381304,956.2220458984,797.7188720703,0.9995766282,1684074671.121744,,,,,,,18.0234544497,0.4596266907,16.9705950865,4.9642137574,20.9193883501,4.899185684,1.7740166589,506.0,755.0,-28.655574193411475,19.4797,1422,PV91,2023-05-14 14:31:11.121743872,17.0426624656164,,2.516627968
211,1970,1034.9704589844,793.1727294922,0.9997754693,995.3903808594,796.3423461914,0.9998117685000001,1018.9967651367,885.4869995117,0.99992764,955.8102416992,799.5119628906,0.9998480082000001,1684074671.13841,,,,,,,18.0397504809,0.42118915960000003,16.9895406012,4.8688228272,20.9437802917,4.8139492305000005,1.7775000225,508.0,755.0,-29.412371485384323,19.534599999999998,1422,PV91,2023-05-14 14:31:11.138409984,17.04972279400231,,2.53329408
212,1971,1034.7097167969,794.5787963867,0.9996554852,995.0382080078,797.2237548828,0.9997522831000001,1017.8504638672,886.606628418,0.9998923540000001,955.3666992188,799.8687744141,0.999849081,1684074671.155077,,,,,,,18.0992145708,0.3716340906,17.0072951027,4.8008271685,20.9661940374,4.7979826905,1.768620923,508.0,755.0,-28.414379692767604,19.534599999999998,1422,PV91,2023-05-14 14:31:11.155076864,17.16280310077611,,2.54996096
213,1972,1033.4967041016,795.0002441406,0.9997801185,994.0450439453,797.7335205078,0.9998135567,1017.7836914062,887.7940673828,0.9998515844,954.5933227539,800.4668579102,0.9998470545,1684074671.171743,,,,,,,18.10510146,0.3139056175,17.0704317763,4.7846076659,21.0051919075,4.7713086228,1.7767711977,510.0,755.0,-29.63565677290425,19.5895,1422,PV91,2023-05-14 14:31:11.171742976,17.141081067060465,,2.566627072
214,1973,1032.1954345703,795.1494140625,0.9998953342,993.1497802734,798.2418212891,0.9998704195,1018.1603393555,888.9016113281,0.9998117089,954.1040649414,801.3342895508,0.9998455048,1684074671.18841,,,,,,,18.0887554255,0.2580663627,17.1371436344,4.7820459249,21.0310311615,4.7308941037,1.7885513620000002,514.0,755.0,-31.93676750800526,19.6993,1422,PV91,2023-05-14 14:31:11.188410112,17.08022228030633,,2.583294208
215,1974,1031.0310058594,795.9368896484,0.9999189377000001,992.0677490234,799.5740356445,0.9998999238,1018.1436157227,889.5685424805,0.9997586608000001,953.1044311523,803.2111816406,0.9998809099,1684074671.205077,,,,,,,18.0910187578,0.22553907350000002,17.1988299813,4.7477034235,21.0840184964,4.6433036173,1.8016006200999999,516.0,755.0,-33.40300096476581,19.754199999999997,1422,PV91,2023-05-14 14:31:11.205076992,17.027553689394363,,2.599961088
216,1975,1029.4868164062,794.5933837891,0.9999387264,991.1748046875,800.2009887695,0.9999119639,1017.1715698242,891.6083374023,0.9999247789000001,952.8627319336,805.80859375,0.9998852015,1684074671.221742,,,,,,,18.1436801139,0.1302360673,17.2731171875,4.8190942405,21.1019073917,4.5189925848,1.7968451467,518.0,755.0,-33.553950761850004,19.8091,1422,PV91,2023-05-14 14:31:11.221741824,17.124817095230156,,2.61662592
217,1976,1031.0076904297,799.6620483398,0.9999492168,991.4852294922,804.9732055664,0.9998521805,1016.4550170898,897.5385131836,0.9999263287000001,951.9627685547,810.284362793,0.9997552037,1684074671.238409,,,,,,,18.1916728398,-0.15645863840000002,17.211551163,4.5653461331,21.1559928022,4.3062106406,1.783564713,520.0,755.0,-34.169660557163716,19.863999999999997,1422,PV91,2023-05-14 14:31:11.238408960,17.296509151362987,,2.633293056
218,1977,1031.5445556641,801.9489135742,0.9999686480000001,991.4919433594,809.1431884766,0.99992311,1015.6084594727,902.4755859375,0.999958396,951.4392700195,816.3375244141,0.9998775721000001,1684074671.255075,,,,,,,18.2437528302,-0.39407156860000003,17.1912952891,4.4513808219,21.1952584001,4.0166404948,1.7731539948,522.0,755.0,-34.80742590870324,19.9189,1422,PV91,2023-05-14 14:31:11.255075072,17.442390049234795,,2.649959168
219,1978,1033.9006347656,814.7171020508,0.9998124242,992.5687255859,819.9140625,0.9998211861,1015.6692504883,913.6701049805,0.9999667406,951.2368164062,825.1109619141,0.9998298883000001,1684074671.271742,,,,,,,18.2628729412,-0.9425260282000001,17.1100113461,3.8172647911,21.2247646254,3.5955172271,1.7629601943000002,524.0,755.0,-38.01300492953166,19.973799999999997,1422,PV91,2023-05-14 14:31:11.271742208,17.609627100464174,,2.6666263040000002
220,1979,1039.8302001953,831.8570556641,0.9998975992,994.6326293945,837.0794677734,0.9998865128000001,1017.4000854492,930.8025512695,0.9999456406,949.4350585938,842.301940918,0.9998754263,1684074671.288409,,,,,,,18.2092296591,-1.7918109625,16.8583117352,2.9537765512,21.3485364901,2.7749158201,1.760531849,526.0,755.0,-46.82862512532242,20.0287,1422,PV91,2023-05-14 14:31:11.288409088,17.727543011838463,,2.683293184
221,1980,1039.3865966797,842.6010131836,0.9998433590000001,998.0383911133,852.333190918,0.9997116327000001,1022.278137207,946.3572998047,0.9999173880000001,956.6901855469,862.0653686523,0.9995798469,1684074671.305074,,,,,,,17.9950508155,-2.5827685941,16.9106107141,2.4291895703,21.0396454271,1.8011908119000002,1.7764642176,528.0,755.0,-62.35642967305047,20.083599999999997,1422,PV91,2023-05-14 14:31:11.305073920,17.636805986282017,,2.699958016
222,1981,1043.2329101562,870.4719238281,0.9999725819,1001.2372436523,874.9871826172,0.9998852015,1020.5961303711,964.3043212891,0.9997158647000001,959.2415771484,879.5023803711,0.9997978806000001,1684074671.321742,,,,,,,18.1078031547,-3.4608743824,16.7879450179,1.0449674708,20.9506628517,0.9521395970000001,1.7399269765,530.0,755.0,-77.2390539331319,20.1385,1422,PV91,2023-05-14 14:31:11.321742080,17.96451239534048,,2.716626176
223,1982,1050.7761230469,872.7352905273,0.9998437166,1007.5432128906,874.6705322266,0.9998585582,1023.7966918945,961.7420654297,0.9996255636,964.3103637695,876.6057739258,0.9998733997,1684074671.338407,,,,,,,17.9453520415,-3.3512890881,16.4105255928,0.8976818413000001,20.7008319279,1.0737957975,1.7106029138,532.0,755.0,-75.12983245398638,20.193399999999997,1422,PV91,2023-05-14 14:31:11.338406912,17.811845033894063,,2.733291008
224,1983,1060.8552246094,872.5407714844,0.9999254942,1018.2803955078,871.2507324219,0.9999258518,1027.2969970703,960.5902709961,0.9999623299,975.7055664062,869.9606933594,0.9999262094,1684074671.355073,,,,,,,17.7699012361,-3.3132690273,15.8951752016,0.8575973788,20.1356596244,1.3532817344999999,1.6263021344,534.0,755.0,-71.4711421100626,20.2483,1422,PV91,2023-05-14 14:31:11.355073024,17.71507562102158,,2.74995712
225,1984,1062.8748779297,868.696472168,0.9999690056,1020.4428710938,867.2493896484,0.9999681115000001,1025.1431884766,969.6333007812,0.9998623133000001,978.0108032227,865.8022460938,0.9999672174,1684074671.37174,,,,,,,17.8911418789,-3.7497373696,15.7815371036,1.0371313738,20.0148933975,1.5458705053,1.5721994279,536.0,755.0,-77.2294330016964,20.303199999999997,1422,PV91,2023-05-14 14:31:11.371740160,17.890369804288532,,2.766624256
226,1985,1061.2160644531,871.8003540039,0.9999086857,1019.8529663086,871.7421875,0.9999091029,1009.1428833008,983.4704589844,0.9998675585000001,978.4898681641,871.6839599609,0.9999095201,1684074671.388407,,,,,,,18.7001275197,-4.3490434959,15.8747646439,0.8923095421,20.0037713358,1.2595522406,1.4314539572,538.0,755.0,-96.2893914426811,20.3581,1422,PV91,2023-05-14 14:31:11.388407040,18.693249107272827,,2.783291136
227,1986,1057.7280273438,870.3773193359,0.9999563694,1016.381652832,873.8469848633,0.9998039007,1006.6838378906,984.4667358398,0.9997698665,975.0352783203,877.3166503906,0.9996514320000001,1684074671.405073,,,,,,,18.8219768302,-4.3852973331000005,16.0497547285,0.9797800739,20.1830840881,1.0000044999,1.4402806282,540.0,755.0,-94.40921685813011,20.412999999999997,1422,PV91,2023-05-14 14:31:11.405072896,18.81078054305333,,2.799956992
228,1987,1049.6165771484,865.1159667969,0.9998756647,1007.0895385742,870.6190185547,0.9998606443,1000.3975830078,985.4311523438,0.9999004602,964.5625,876.1220703125,0.9998456240000001,1684074671.42174,,,,,,,19.1304345051,-4.3998906938,16.4502237538,1.2779420164,20.6877254369,1.096238922,1.470638266,542.0,755.0,-91.46733972529138,20.4679,1422,PV91,2023-05-14 14:31:11.421740032,19.120396057091064,,2.816624128
229,1988,1045.2772216797,862.2229003906,0.9999347925000001,1001.8868408203,868.3786621094,0.9997553825000001,998.6541137695,982.9824829102,0.9999616146,958.4963989258,874.534362793,0.9995760322,1684074671.438405,,,,,,,19.2120703737,-4.269553494,16.663458793,1.4404267131,20.9770701178,1.1943184436,1.5007818877,544.0,755.0,-84.6578026730549,20.522799999999997,1422,PV91,2023-05-14 14:31:11.438405120,19.21420555878857,,2.833289216
230,1989,1042.3553466797,857.673828125,0.9998883009,999.1110839844,865.2678222656,0.9998022318,1000.0653076172,975.3625488281,0.9999346733000001,955.8668823242,872.8617553711,0.9997161031,1684074671.455072,,,,,,,19.13258882,-3.8999304777,16.8000206685,1.6770937258,21.1003562858,1.2840376444000001,1.5369090212,546.0,755.0,-72.58400123357589,20.5777,1422,PV91,2023-05-14 14:31:11.455072000,19.14615129004401,,2.849956096
231,1990,1040.9508056641,851.104675293,0.9999705553,999.3132324219,857.4391479492,0.9999260306000001,1003.4329833984,963.9954223633,0.9999668598,957.6756591797,863.7736206055,0.999881506,1684074671.471738,,,,,,,18.9513486587,-3.3558454012,16.8540601989,2.0055543215,20.9955794316,1.7156185466,1.5657107404000001,548.0,755.0,-60.390987534639876,20.632599999999996,1422,PV91,2023-05-14 14:31:11.471738112,18.956150279877487,,2.866622208
232,1991,1042.9571533203,843.8869018555,0.9999307394,1001.6837158203,848.6868286133,0.9999442101,1005.8131103516,953.8639526367,0.9998539686000001,960.4102172852,853.4867553711,0.9999576807,1684074671.488406,,,,,,,18.8190618357,-2.8684850336,16.7327775302,2.3506296802,20.8427654372,2.2018715573,1.5647143882,550.0,755.0,-52.19378601887188,20.6875,1422,PV91,2023-05-14 14:31:11.488406016,18.827768329174585,,2.883290112
233,1992,1045.9586181641,841.6301269531,0.9999049902,1006.1689453125,843.2243652344,0.9998764396,1012.0153808594,942.8883056641,0.9999856949,966.3793334961,844.8186645508,0.9998478889,1684074671.505071,,,,,,,18.49622286,-2.3592967046,16.5737769412,2.4481744679,20.5353613071,2.5997088193,1.5827440311,552.0,755.0,-49.85744627651158,20.7424,1422,PV91,2023-05-14 14:31:11.505070848,18.473034807525547,,2.899954944
234,1993,1049.8835449219,840.6727294922,0.9997889400000001,1009.8417358398,837.1826171875,0.9998247623000001,1009.9666748047,934.7178344727,0.9999740124000001,969.7999267578,833.6924438477,0.9998606443,1684074671.521738,,,,,,,18.5830863955,-1.9474960277000002,16.3707832149,2.4778343136,20.3442963118,3.1249532245,1.523337388,554.0,755.0,-40.54628949832934,20.7973,1422,PV91,2023-05-14 14:31:11.521737984,18.694817636120614,,2.9166220800000002
235,1994,1052.3874511719,833.194152832,0.9999237061,1012.3264770508,829.9784545898,0.9995664358,1006.6646728516,931.7960205078,0.9999400377000001,972.2655029297,826.7627563477,0.9992092252,1684074671.538404,,,,,,,18.7404355075,-1.7880641495,16.2211899906,2.8343072824,20.2080409358,3.4513048077,1.4645594255,554.0,755.0,-33.22493909225515,20.7973,1422,PV91,2023-05-14 14:31:11.538404096,19.00830429487995,,2.933288192
236,1995,1052.3975830078,833.962890625,0.9999390841,1012.5841064453,830.1011962891,0.9996078014,1006.8626708984,929.986328125,0.9999209642,972.7705688477,826.2395629883,0.9992765784000001,1684074671.555071,,,,,,,18.7275227823,-1.7002564822,16.2229074938,2.7964693433,20.1821546458,3.474931303,1.4626597567,556.0,755.0,-33.062129113780564,20.8522,1422,PV91,2023-05-14 14:31:11.555071232,19.009751068480185,,2.949955328
237,1996,1051.6896972656,834.8033447266,0.9999361038000001,1011.8708496094,831.3248291016,0.9996526241,1008.59765625,930.0516357422,0.9999617338000001,972.0520019531,827.8462524414,0.9993690848000001,1684074671.571737,,,,,,,18.6422830681,-1.7118047575,16.2616134457,2.7582702872000002,20.2210046415,3.3997054063,1.4872941429,558.0,755.0,-36.403434127876764,20.9071,1422,PV91,2023-05-14 14:31:11.571737088,18.85890673517734,,2.966621184
238,1997,1051.2421875,836.7368164062,0.9999184608,1011.8431396484,833.3388671875,0.9997783303000001,1011.1788330078,929.5414428711,0.9999827147,972.4440307617,829.9408569336,0.9996381998,1684074671.588403,,,,,,,18.5142268689,-1.6992664936000001,16.2901005482,2.665216137,20.2067815041,3.2973502782,1.5140720678,562.0,755.0,-40.6491541934256,21.0169,1422,PV91,2023-05-14 14:31:11.588402944,18.661909980988145,,2.98328704
239,1998,1051.3413085938,838.2456665039,0.9998948574000001,1011.9072265625,835.1907958984,0.9998862147,1011.0744018555,930.6774902344,0.9999848604,972.4731445312,832.1358642578,0.9998775721000001,1684074671.605069,,,,,,,18.5214013243,-1.7545223755000001,16.2893437214,2.5906247837,20.2104646885,3.1913230721,1.5124196484999999,564.0,755.0,-41.71059281791119,21.0718,1422,PV91,2023-05-14 14:31:11.605068800,18.670166880665064,,2.999952896
