time,animal_id,movement_type,time,bug_speed,bug_type,bug_size,strike_id,exit_hole,strike_x,strike_y,arena,trial_id,proj_strike,is_hit,miss_distance,proj_bug_x,day,proj_strike_x,proj_strike_y
28629509.0,PV91,circle,2023-06-18 11:46:43.907,5.816939204332333,spider,100,4449,right,1233.0,383.0,reptilearn4,15226,"[-84.43074346687882, -1.3838708226082872]",False,2.1640059251128663,-90.15508442475567,2023-06-18,-84.43074346687882,-1.3838708226082872
28629513.0,PV91,circle,2023-06-18 11:46:44.238,5.855137941365925,spider,100,4450,right,1200.0,494.0,reptilearn4,15226,"[-73.23339261597367, -7.648206462278495]",False,2.0211897197343593,-194.29478188574987,2023-06-18,-73.23339261597367,-7.648206462278495
28629516.0,PV91,circle,2023-06-18 11:46:44.587,5.850715943947373,spider,100,4404,right,1122.0,588.0,reptilearn4,15226,"[-58.38820386100775, 13.643326991531012]",True,1.791898431419304,-73.34883871696815,2023-06-18,-58.38820386100775,13.643326991531012
28629774.0,PV91,circle,2023-06-18 11:47:10.339,5.814997818256862,cockroach,100,4405,right,1242.0,372.0,reptilearn4,15227,"[-91.14005240548087, -6.928335334167286]",False,2.50901273650618,-73.34883871696806,2023-06-18,-91.14005240548087,-6.928335334167286
28629790.0,PV91,circle,2023-06-18 11:47:12.004,5.8613074942383,cockroach,100,4451,right,829.0,635.0,reptilearn4,15227,"[-66.6551773918161, 17.53575050312935]",False,1.8919433774391468,-50.848529204022384,2023-06-18,-66.6551773918161,17.53575050312935
28629796.0,PV91,circle,2023-06-18 11:47:12.572,5.877366346249766,cockroach,100,4452,right,676.0,491.0,reptilearn4,15227,"[-37.11873271868899, -3.0115782850674577]",True,1.0222572835199835,-236.41217397545233,2023-06-18,-37.11873271868899,-3.0115782850674577
28630056.0,PV91,circle,2023-06-18 11:47:38.572,5.822203027467192,ant,100,4407,right,1217.0,429.0,reptilearn4,15228,"[-100.98243245365413, 16.88313236835802]",False,2.661160816150997,-67.73258402023866,2023-06-18,-100.98243245365413,16.88313236835802
28630060.0,PV91,circle,2023-06-18 11:47:38.939,5.860986112099953,ant,100,4408,right,1166.0,554.0,reptilearn4,15228,"[-86.92335636783588, -9.166667403627116]",False,2.2476895503324656,-188.94461410508634,2023-06-18,-86.92335636783588,-9.166667403627116
28630069.0,PV91,circle,2023-06-18 11:47:39.838,5.8773662355091485,ant,100,4453,right,862.0,641.0,reptilearn4,15228,"[-36.13752800679913, 19.304883697079276]",True,1.1246461191753259,-62.11010287683973,2023-06-18,-36.13752800679913,19.304883697079276
28630337.0,PV91,circle,2023-06-18 11:48:06.655,5.863567822261925,green_beetle,100,4409,right,1021.0,650.0,reptilearn4,15229,"[-85.86407965419346, 11.140136452007823]",False,2.3767234700282067,-78.95835068213103,2023-06-18,-85.86407965419346,11.140136452007823
28630343.0,PV91,circle,2023-06-18 11:48:07.239,5.877318618144324,green_beetle,100,4454,right,824.0,633.0,reptilearn4,15229,"[-77.90424294939942, 16.1927213190519]",False,2.03736708840823,-73.34883871696468,2023-06-18,-77.90424294939942,16.1927213190519
28630353.0,PV91,circle,2023-06-18 11:48:08.272,5.862435236364659,green_beetle,100,4410,right,640.0,324.0,reptilearn4,15229,"[-30.636379111185306, -15.019650602779393]",True,0.9365952989962693,-172.7918714395392,2023-06-18,-30.636379111185306,-15.019650602779393
28630609.0,PV91,circle,2023-06-18 11:48:33.906,5.778415886169173,ant,100,4411,right,1226.0,350.0,reptilearn4,15230,"[-66.42414366499543, 6.3638082002546525]",False,1.831691607830861,-56.48191214405716,2023-06-18,-66.42414366499543,6.3638082002546525
28630620.0,PV91,circle,2023-06-18 11:48:34.972,5.8773663462524635,ant,100,4412,right,1059.0,629.0,reptilearn4,15230,"[-75.4058602545959, -6.462434157598864]",False,1.9310610864348343,-241.58409427237717,2023-06-18,-75.4058602545959,-6.462434157598864
28630629.0,PV91,circle,2023-06-18 11:48:35.906,5.861307494237849,ant,100,4455,right,773.0,604.0,reptilearn4,15230,"[-66.93842107158105, 17.064743676672094]",False,1.8962283752352738,-50.8485292040225,2023-06-18,-66.93842107158105,17.064743676672094
28630674.0,PV91,circle,2023-06-18 11:48:40.389,5.863033024640389,ant,100,4413,right,1077.0,624.0,reptilearn4,15230,"[-76.27332596502862, -22.107560359949957]",False,2.0308245084418246,-316.236809453027,2023-06-18,-76.27332596502862,-22.107560359949957
28630724.0,PV91,circle,2023-06-18 11:48:45.421,5.85932002916257,ant,100,4414,right,1160.0,568.0,reptilearn4,15230,"[-32.08523243872423, 0.7599383708645746]",True,0.8809866338908805,-56.48191214405972,2023-06-18,-32.08523243872423,0.7599383708645746
28631231.0,PV91,circle,2023-06-18 11:49:36.073,5.783145923131397,red_beetle,100,4457,left,854.0,656.0,reptilearn4,15231,"[-65.47426478308603, -2.1328415276436203]",True,1.7982218993322852,-84.56060425066676,2023-06-18,-65.47426478308603,-2.1328415276436203
28631480.0,PV91,circle,2023-06-18 11:50:01.007,5.667569542964288,ant,100,4416,left,710.0,560.0,reptilearn4,15232,"[-56.92977680220281, -2.8561115261050105]",True,1.7180422065565029,-62.11010287684269,2023-06-18,-56.92977680220281,-2.8561115261050105
28631735.0,PV91,circle,2023-06-18 11:50:26.489,5.7586882322126565,green_beetle,100,4458,left,852.0,650.0,reptilearn4,15233,"[-68.34777546465648, -10.20761037601818]",False,1.8969546324235127,-62.110102876842575,2023-06-18,-68.34777546465648,-10.20761037601818
28631784.0,PV91,circle,2023-06-18 11:50:31.373,5.878671735750021,green_beetle,100,4459,left,706.0,541.0,reptilearn4,15233,"[-64.56399615773637, -11.301228231779533]",True,1.799227071794589,-67.73258402023566,2023-06-18,-64.56399615773637,-11.301228231779533
28632036.0,PV91,circle,2023-06-18 11:50:56.572,5.727939958915682,cockroach,100,4418,left,746.0,591.0,reptilearn4,15235,"[-86.44208468436818, 10.555759285515336]",False,2.390461316640661,-210.23616067972216,2023-06-18,-86.44208468436818,10.555759285515336
28632043.0,PV91,circle,2023-06-18 11:50:57.257,5.825188203705914,cockroach,100,4419,left,971.0,659.0,reptilearn4,15235,"[-67.77830813970013, -12.929417670190105]",False,1.8940637041780084,-56.48191214405449,2023-06-18,-67.77830813970013,-12.929417670190105
28632079.0,PV91,circle,2023-06-18 11:51:00.923,5.877343864623128,cockroach,100,4420,left,666.0,263.0,reptilearn4,15235,"[-69.6419135747405, 31.252341052089264]",False,2.095336904836481,-311.4467097890528,2023-06-18,-69.6419135747405,31.252341052089264
28632082.0,PV91,circle,2023-06-18 11:51:01.223,5.877366235506918,cockroach,100,4421,left,637.0,354.0,reptilearn4,15235,"[-83.01251353897482, 16.153949667951565]",False,2.321437183459287,-151.0348426509153,2023-06-18,-83.01251353897482,16.153949667951565
28656199.0,PV91,circle,2023-06-18 12:31:12.930,2.954766981123146,red_beetle,100,4423,right,1104.0,125.0,reptilearn4,15240,"[-34.06031766784611, -7.458397400236777]",True,0.957109086339232,-33.92240783575005,2023-06-18,-34.06031766784611,-7.458397400236777
28656546.0,PV91,circle,2023-06-18 12:31:47.598,2.9596310728445885,green_beetle,100,4483,right,719.0,146.0,reptilearn4,15241,"[-8.772153781605255, -23.668730975762287]",True,0.6928934132714955,-31.098280625965458,2023-06-18,-8.772153781605255,-23.668730975762287
28656839.0,PV91,circle,2023-06-18 12:32:16.848,2.968874912930616,red_beetle,100,4424,right,1157.0,565.0,reptilearn4,15242,"[-44.941741045024514, 7.409537949743935]",True,1.2503049655728624,-31.09828062596256,2023-06-18,-44.941741045024514,7.409537949743935
28657225.0,PV91,circle,2023-06-18 12:32:55.464,2.9603839928400304,green_beetle,100,4484,right,1232.0,334.0,reptilearn4,15243,"[-44.70414705072528, -5.517012210005987]",True,1.2364383754739012,-81.76041696953837,2023-06-18,-44.70414705072528,-5.517012210005987
28657490.0,PV91,circle,2023-06-18 12:33:22.032,2.9608138520374405,cockroach,100,4485,left,695.0,546.0,reptilearn4,15244,"[-49.27528040513221, -1.7024263307226875]",True,1.3534134783912881,-25.447947037718336,2023-06-18,-49.27528040513221,-1.7024263307226875
28657752.0,PV91,circle,2023-06-18 12:33:48.215,2.959350322960436,cockroach,100,4427,left,678.0,510.0,reptilearn4,15245,"[-46.46495422309249, 3.4010164911578613]",True,1.2788751094563757,-134.5695414997641,2023-06-18,-46.46495422309249,3.4010164911578613
28658054.0,PV91,circle,2023-06-18 12:34:18.367,2.9610477072617556,red_beetle,100,4428,right,1008.0,655.0,reptilearn4,15246,"[-15.029234885672736, 6.527905458439363]",True,0.4497877049221566,-101.31866821850906,2023-06-18,-15.029234885672736,6.527905458439363
28658635.0,PV91,circle,2023-06-18 12:35:16.451,2.9670725693903406,red_beetle,100,4429,left,1099.0,614.0,reptilearn4,15248,"[-4.414486118188506, -8.444418861422037]",True,0.2615624893356037,-28.273438719916385,2023-06-18,-4.414486118188506,-8.444418861422037
28691926.0,PV91,circle,2023-06-18 13:30:45.551,2.96812627951175,red_beetle,100,4430,left,787.0,621.0,reptilearn4,15257,"[-48.9223870210609, -10.285992400653583]",True,1.3722808193670906,-31.098280625962616,2023-06-18,-48.9223870210609,-10.285992400653583
28692539.0,PV91,circle,2023-06-18 13:31:46.918,2.9682911896611963,ant,100,4432,left,664.0,204.0,reptilearn4,15252,"[-27.422670431644946, 29.335882953231476]",True,1.102313831114491,-36.745755445590135,2023-06-18,-27.422670431644946,29.335882953231476
28692814.0,PV91,circle,2023-06-18 13:32:14.336,2.960949261966325,spider,100,4489,left,811.0,630.0,reptilearn4,15253,"[-50.42631116291443, -14.086275160839307]",True,1.4371945529967063,-33.92240783575005,2023-06-18,-50.42631116291443,-14.086275160839307
28693173.0,PV91,circle,2023-06-18 13:32:50.253,2.97005513155521,spider,100,4433,left,652.0,308.0,reptilearn4,15254,"[-43.315198933928514, -1.2338735333471504]",True,1.1894845196209425,-42.38985234172608,2023-06-18,-43.315198933928514,-1.2338735333471504
28693537.0,PV91,circle,2023-06-18 13:33:26.668,2.9688771954903106,red_beetle,100,4490,left,641.0,361.0,reptilearn4,15255,"[-26.207575879813987, 2.428077425232118]",True,0.7224788862091457,-36.745755445590135,2023-06-18,-26.207575879813987,2.428077425232118
28694020.0,PV91,circle,2023-06-18 13:34:15.020,2.9609825258463,spider,100,4436,left,711.0,565.0,reptilearn4,15256,"[-33.28284712608411, 6.4753960989926895]",True,0.930744728765961,-161.94313022173606,2023-06-18,-33.28284712608411,6.4753960989926895
28694899.0,PV91,circle,2023-06-18 13:35:42.905,1.972636548468674,spider,100,4437,right,1053.0,650.0,reptilearn4,15260,"[-48.682215654363745, -11.956905591831912]",True,1.3760435336754326,-25.999999999999318,2023-06-18,-48.682215654363745,-11.956905591831912
28695148.0,PV91,circle,2023-06-18 13:36:07.771,2.968291203566027,ant,100,4493,left,1008.0,640.0,reptilearn4,15261,"[-36.92566232597733, -23.074588723262423]",True,1.1952390644608224,-39.56825856970295,2023-06-18,-36.92566232597733,-23.074588723262423
0.0,PV163,circle,2024-01-07 14:31:38.176,7.570729223286976,cockroach,100,7114,right,1200.0,232.0,reptilearn4,26763,"[-129.3443960850061, 5.613187089124494]",False,3.327423060248204,-118.0057627522466,2024-01-07,-129.3443960850061,5.613187089124494
4.0,PV163,circle,2024-01-07 14:31:38.643,7.558693198937223,cockroach,100,7060,right,1249.0,471.0,reptilearn4,26763,"[-131.00796939047729, -20.081558893533384]",False,3.405397115673429,-118.00576275224647,2024-01-07,-131.00796939047729,-20.081558893533384
80.0,PV163,circle,2024-01-07 14:31:46.209,7.541502906921278,cockroach,100,7115,right,1177.0,545.0,reptilearn4,26763,"[-141.71051056245813, 7.408210498114386]",False,3.6730197365950112,-151.062083181376,2024-01-07,-141.71051056245813,7.408210498114386
489.0,PV163,circle,2024-01-07 14:32:27.093,7.4806790546835344,green_beetle,100,7116,left,842.0,665.0,reptilearn4,26764,"[-133.28060324034152, 25.727274097866996]",False,3.496028430960618,-207.66351981326306,2024-01-07,-133.28060324034152,25.727274097866996
560.0,PV163,circle,2024-01-07 14:32:34.243,7.480679054683764,green_beetle,100,7063,left,771.0,619.0,reptilearn4,26764,"[-94.67361279503177, 9.329436053975442]",False,3.0702516417890524,-151.06208318139454,2024-01-07,-94.67361279503177,9.329436053975442
597.0,PV163,circle,2024-01-07 14:32:37.894,7.512840683808667,green_beetle,100,7064,left,750.0,588.0,reptilearn4,26764,"[-143.32940319732916, 3.2051773961323846]",False,3.7139269312485403,-199.69132502332673,2024-01-07,-143.32940319732916,3.2051773961323846
709.0,PV163,circle,2024-01-07 14:32:49.091,7.469142951748138,green_beetle,100,7117,left,843.0,656.0,reptilearn4,26764,"[-124.5244505509055, 5.301974798587196]",False,3.1933564010696442,-151.062083181376,2024-01-07,-124.5244505509055,5.301974798587196
1124.0,PV163,circle,2024-01-07 14:33:30.591,7.491208996310348,cockroach,100,7118,left,850.0,667.0,reptilearn4,26765,"[-146.81646633536445, 11.145785864653476]",False,3.812831560832541,-159.25349764006398,2024-01-07,-146.81646633536445,11.145785864653476
2042.0,PV163,circle,2024-01-07 14:35:02.394,7.480679054683801,green_beetle,100,7071,left,787.0,622.0,reptilearn4,26767,"[-137.17236228694082, 2.7638707374168234]",False,3.5418992808460303,-175.53743765947127,2024-01-07,-137.17236228694082,2.7638707374168234
2115.0,PV163,circle,2024-01-07 14:35:09.678,7.480679054683066,green_beetle,100,7122,left,772.0,612.0,reptilearn4,26767,"[-126.86570788798838, 0.9314032266478875]",False,3.257360570265768,-159.25349764006387,2024-01-07,-126.86570788798838,0.9314032266478875
2151.0,PV163,circle,2024-01-07 14:35:13.276,7.4615907344054895,green_beetle,100,7072,left,736.0,581.0,reptilearn4,26767,"[-139.15209343900938, 0.6339565133173934]",False,3.5955965473313825,-167.41250260921493,2024-01-07,-139.15209343900938,0.6339565133173934
2188.0,PV163,circle,2024-01-07 14:35:17.042,7.490983943380102,green_beetle,100,7123,left,778.0,614.0,reptilearn4,26767,"[-133.33503831594942, -2.0918344177516985]",False,3.436748192623037,-159.25349764006387,2024-01-07,-133.33503831594942,-2.0918344177516985
3151.0,PV163,circle,2024-01-07 14:36:53.277,8.639334093827797,cockroach,100,7075,left,911.0,667.0,reptilearn4,26770,"[-112.89734947253908, -0.9532248897058935]",False,3.099142704693713,-134.58870015175057,2024-01-07,-112.89734947253908,-0.9532248897058935
3189.0,PV163,circle,2024-01-07 14:36:57.093,8.650831725802437,cockroach,100,7125,left,980.0,679.0,reptilearn4,26770,"[-120.39243238469783, 12.035782666227192]",False,3.3212455751349883,-142.83992625814687,2024-01-07,-120.39243238469783,12.035782666227192
4097.0,PV163,circle,2024-01-07 14:38:27.961,7.413586670140094,green_beetle,100,7076,right,907.0,665.0,reptilearn4,26772,"[-112.19012337759955, -5.6186356582948065]",False,2.857498064818229,-175.5374376594607,2024-01-07,-112.19012337759955,-5.6186356582948065
4134.0,PV163,circle,2024-01-07 14:38:31.611,7.471828554302429,green_beetle,100,7126,right,943.0,671.0,reptilearn4,26772,"[-138.2141986020822, -11.85179077453995]",False,3.5822454675754094,-199.69132502333866,2024-01-07,-138.2141986020822,-11.85179077453995
4170.0,PV163,circle,2024-01-07 14:38:35.227,7.47561256023497,green_beetle,100,7077,right,932.0,675.0,reptilearn4,26772,"[-101.79693260903014, -8.475927653436656]",False,2.573753055256043,-142.83992625816416,2024-01-07,-101.79693260903014,-8.475927653436656
4171.0,PV163,circle,2024-01-07 14:38:35.327,7.444854054516364,green_beetle,100,7078,right,893.0,670.0,reptilearn4,26772,"[-112.38158323900723, -15.818709190901416]",False,2.8861708473449936,-191.67849128982425,2024-01-07,-112.38158323900723,-15.818709190901416
4207.0,PV163,circle,2024-01-07 14:38:38.894,7.461590734406945,green_beetle,100,7127,right,923.0,669.0,reptilearn4,26772,"[-90.15378184489077, -5.203869512424944]",False,2.250303153976255,-151.06208318139443,2024-01-07,-90.15378184489077,-5.203869512424944
36230.0,PV163,circle,2024-01-07 15:32:01.268,5.213248825647306,cockroach,100,7129,left,767.0,679.0,reptilearn4,26774,"[-83.40511023875149, 10.323084700730362]",False,2.152348001328607,-134.63907457110815,2024-01-07,-83.40511023875149,10.323084700730362
36495.0,PV163,circle,2024-01-07 15:32:27.751,5.262828164068102,cockroach,100,7096,left,939.0,746.0,reptilearn4,26775,"[-118.48702640880333, 3.780538723067707]",False,3.101019179525857,-123.58358251896573,2024-01-07,-118.48702640880333,3.780538723067707
36548.0,PV163,circle,2024-01-07 15:32:33.051,5.305477600227918,cockroach,100,7132,left,854.0,734.0,reptilearn4,26775,"[-92.2496182062605, 13.383707954070303]",False,2.403702580578199,-123.58358251896254,2024-01-07,-92.2496182062605,13.383707954070303
36606.0,PV163,circle,2024-01-07 15:32:38.785,5.352318809709844,cockroach,100,7099,left,877.0,727.0,reptilearn4,26775,"[-106.77520507893337, -1.3030049907112016]",False,2.7797580499113845,-129.11691701395023,2024-01-07,-106.77520507893337,-1.3030049907112016
36658.0,PV163,circle,2024-01-07 15:32:44.066,5.352318809709444,cockroach,100,7133,left,782.0,706.0,reptilearn4,26775,"[-86.30147459346358, 19.110821339089853]",False,2.271296551388566,-106.9213118977616,2024-01-07,-86.30147459346358,19.110821339089853
36772.0,PV163,circle,2024-01-07 15:32:55.432,4.893483474042484,cockroach,100,7101,left,787.0,712.0,reptilearn4,26775,"[-51.44245577167328, -12.711502766970625]",True,1.4545673303554212,-65.05720772198231,2024-01-07,-51.44245577167328,-12.711502766970625
37140.0,PV163,circle,2024-01-07 15:33:32.233,5.34200944088746,red_beetle,100,7134,right,1082.0,711.0,reptilearn4,26776,"[-61.41779857755034, 1.6018510307073939]",True,1.6864918796390769,-112.48529960237659,2024-01-07,-61.41779857755034,1.6018510307073939
37472.0,PV163,circle,2024-01-07 15:34:05.466,5.3402198229831805,red_beetle,100,7102,right,877.0,733.0,reptilearn4,26777,"[-61.6507493039835, -9.175548163437895]",True,1.7109533635970402,-145.64794779027693,2024-01-07,-61.6507493039835,-9.175548163437895
38063.0,PV163,circle,2024-01-07 15:35:04.569,5.885003949326242,red_beetle,100,7103,left,825.0,715.0,reptilearn4,26779,"[-91.47970522683545, 3.0261890756586354]",False,2.512491510588433,-95.76605217249903,2024-01-07,-91.47970522683545,3.0261890756586354
38121.0,PV163,circle,2024-01-07 15:35:10.369,5.8672381498508335,red_beetle,100,7136,left,876.0,729.0,reptilearn4,26779,"[-96.39775266965842, -0.48272420154853535]",False,2.64615148806892,-112.4852996023767,2024-01-07,-96.39775266965842,-0.48272420154853535
38177.0,PV163,circle,2024-01-07 15:35:15.969,5.857419939798596,red_beetle,100,7104,left,858.0,721.0,reptilearn4,26779,"[-111.86186264322441, -2.936990209222472]",False,2.9203855781520325,-123.58358251897403,2024-01-07,-111.86186264322441,-2.936990209222472
38590.0,PV163,circle,2024-01-07 15:35:57.184,5.850863344974649,red_beetle,100,7105,left,928.0,732.0,reptilearn4,26780,"[-53.491886991722254, -6.012121196742328]",True,1.6270503528540396,-101.3480686061738,2024-01-07,-53.491886991722254,-6.012121196742328
39375.0,PV163,circle,2024-01-07 15:37:15.718,5.188281147899374,red_beetle,100,7137,left,884.0,722.0,reptilearn4,26782,"[-75.13337609705809, -5.897031381012653]",False,1.9197147972562063,-123.58358251896834,2024-01-07,-75.13337609705809,-5.897031381012653
39434.0,PV163,circle,2024-01-07 15:37:21.584,5.3400747611577,red_beetle,100,7106,left,961.0,740.0,reptilearn4,26782,"[-75.60292544170488, 0.6243064664423628]",False,1.9224687062998789,-112.48529960236601,2024-01-07,-75.60292544170488,0.6243064664423628
39494.0,PV163,circle,2024-01-07 15:37:27.668,5.335525415110584,red_beetle,100,7138,left,1127.0,693.0,reptilearn4,26782,"[-48.62642302984932, 3.3931168238179907]",True,1.3380410239800933,-101.34806860618346,2024-01-07,-48.62642302984932,3.3931168238179907
72745.0,PV163,circle,2024-01-07 16:32:52.752,7.646794895847919,green_beetle,100,7109,right,1253.0,793.0,reptilearn4,26784,"[-112.91666118396324, -5.240123169396838]",False,2.883552232477217,-159.9999999999991,2024-01-07,-112.91666118396324,-5.240123169396838
722925.0,PV163,circle,2024-01-08 10:36:30.735,7.099511728660741,cockroach,100,7154,left,314.0,829.0,reptilearn4,26820,"[-73.19163569776593, 4.522875676190893]",False,2.4514562541721077,-96.00000000000021,2024-01-08,-73.19163569776593,4.522875676190893
723965.0,PV163,circle,2024-01-08 10:38:14.753,7.336873647732253,cockroach,100,7160,left,665.0,672.0,reptilearn4,26822,"[-129.45294499785737, 18.42417687351724]",False,3.3720253217846956,-120.00000000000031,2024-01-08,-129.45294499785737,18.42417687351724
723966.0,PV163,circle,2024-01-08 10:38:14.819,7.299238717938765,cockroach,100,7161,left,615.0,766.0,reptilearn4,26822,"[-79.84875112865345, -49.962631378932656]",False,2.4022290903586496,-152.00000000000037,2024-01-08,-79.84875112865345,-49.962631378932656
724491.0,PV163,circle,2024-01-08 10:39:07.306,8.162670767131278,green_beetle,100,7162,left,650.0,677.0,reptilearn4,26823,"[-89.67261559654548, 19.41473428532811]",False,2.5185445899130023,-128.00000000000034,2024-01-08,-89.67261559654548,19.41473428532811
794183.0,PV163,circle,2024-01-08 12:35:16.530,2.06304524603833,green_beetle,100,7167,left,588.0,718.0,reptilearn4,26838,"[-35.990747208381634, 2.2405554967251646]",True,1.0446580550350197,-35.999999999999005,2024-01-08,-35.990747208381634,2.2405554967251646
794634.0,PV163,circle,2024-01-08 12:36:01.633,2.7728035927539825,red_beetle,100,7168,left,1195.0,630.0,reptilearn4,26839,"[-20.43180484840724, -1.0608701918383758]",True,0.561608548713407,-42.3919841964817,2024-01-08,-20.43180484840724,-1.0608701918383758
832959.0,PV163,circle,2024-01-08 13:39:54.132,2.7556170303760705,red_beetle,100,7171,right,1007.0,740.0,reptilearn4,26853,"[-28.567923095498827, -0.30968262643500566]",True,0.7842355628327101,-42.39198419648176,2024-01-08,-28.567923095498827,-0.30968262643500566
866765.0,PV163,circle,2024-01-08 14:36:14.725,2.0405813905395203,cockroach,100,7173,left,363.0,802.0,reptilearn4,26859,"[-13.951910021687262, 10.137177689802797]",True,0.47339764542931556,-36.0,2024-01-08,-13.951910021687262,10.137177689802797
868038.0,PV163,circle,2024-01-08 14:38:22.040,1.9375040978169835,green_beetle,100,7175,right,1092.0,770.0,reptilearn4,26862,"[-40.29915461660448, -0.6621553630069457]",True,1.216147629467724,-36.00000000000068,2024-01-08,-40.29915461660448,-0.6621553630069457
1515438.0,PV163,circle,2024-01-09 08:37:22.040,2.95751740055854,green_beetle,100,7204,left,847.0,714.0,reptilearn4,26917,"[-61.28952684546175, -8.436148479202643]",True,1.698260023368601,-53.67016859017872,2024-01-09,-61.28952684546175,-8.436148479202643
1515751.0,PV163,circle,2024-01-09 08:37:53.342,2.776180272571528,cockroach,100,7205,right,929.0,735.0,reptilearn4,26918,"[-30.30533545216224, 6.633868961305211]",True,0.8515791579540601,-45.21305901931521,2024-01-09,-30.30533545216224,6.633868961305211
1516035.0,PV163,circle,2024-01-09 08:38:21.690,2.967949354554192,cockroach,100,7206,left,932.0,738.0,reptilearn4,26919,"[-38.39411068622178, -4.621996333266793]",True,1.0615275902413555,-39.56999195874084,2024-01-09,-38.39411068622178,-4.621996333266793
0.0,PV80,circle,2023-06-08 13:05:20.769,8.579747570416238,spider,146,3843,left,671.0,510.0,msi-regev,13888,"[-141.36746235703026, -0.4393116053412598]",False,2.5254830062232396,-118.03656910908285,2023-06-08,-141.36746235703026,-0.4393116053412598
69471.0,PV80,circle,2023-06-08 15:01:07.893,8.416836877697389,cockroach,150,3865,left,914.0,710.0,msi-regev,13894,"[-165.41949901277155, 19.04580917668045]",False,2.8260563763055626,-191.81418139970356,2023-06-08,-165.41949901277155,19.04580917668045
69475.0,PV80,circle,2023-06-08 15:01:08.349,8.521507890273043,cockroach,150,3844,left,1108.0,667.0,msi-regev,13894,"[-186.37981605772637, -12.52404650894482]",False,3.337106441563264,-134.6346300612463,2023-06-08,-186.37981605772637,-12.52404650894482
69482.0,PV80,circle,2023-06-08 15:01:08.990,8.6533801279658,cockroach,150,3845,left,1258.0,402.0,msi-regev,13894,"[-195.28488335033012, -13.63196211064269]",False,3.4971725880398887,-167.5019516065438,2023-06-08,-195.28488335033012,-13.63196211064269
69515.0,PV80,circle,2023-06-08 15:01:12.306,8.686667306776215,cockroach,150,3846,left,1219.0,554.0,msi-regev,13894,"[-141.29076936914515, 0.365362173914491]",False,2.5241091627144465,-142.89498116139194,2023-06-08,-141.29076936914515,0.365362173914491
69551.0,PV80,circle,2023-06-08 15:01:15.914,8.685111184094009,cockroach,150,3866,left,1173.0,611.0,msi-regev,13894,"[-149.26700525031134, -1.0353230371440532]",False,2.519857485624643,-151.12739066284968,2023-06-08,-149.26700525031134,-1.0353230371440532
69670.0,PV80,circle,2023-06-08 15:01:27.809,8.681292558099488,cockroach,150,3849,left,1274.0,334.0,msi-regev,13894,"[-187.755922997222, 2.8176990957612134]",False,3.354559021439131,-134.63463006124618,2023-06-08,-187.755922997222,2.8176990957612134
69706.0,PV80,circle,2023-06-08 15:01:31.386,8.680878151136785,cockroach,150,3850,left,1255.0,415.0,msi-regev,13894,"[-175.44496829897787, -11.665752319559033]",False,3.1411722469733925,-159.33024880521668,2023-06-08,-175.44496829897787,-11.665752319559033
69735.0,PV80,circle,2023-06-08 15:01:34.330,8.65833709252612,cockroach,150,3851,left,1034.0,680.0,msi-regev,13894,"[-143.15798383437084, -12.378331158437277]",False,2.5670002292677054,-142.8949811613919,2023-06-08,-143.15798383437084,-12.378331158437277
69742.0,PV80,circle,2023-06-08 15:01:35.010,8.679760265751558,cockroach,150,3867,left,1257.0,431.0,msi-regev,13894,"[-129.5982738925266, -2.103827647277285]",False,2.3155242028211185,-134.63463006124636,2023-06-08,-129.5982738925266,-2.103827647277285
69855.0,PV80,circle,2023-06-08 15:01:46.300,8.22590001724953,cockroach,150,3852,left,1267.0,442.0,msi-regev,13894,"[-81.63251257160982, -19.160826911745957]",True,1.4979646892898972,-67.30697920949706,2023-06-08,-81.63251257160982,-19.160826911745957
70130.0,PV80,circle,2023-06-08 15:02:13.802,8.6593605136468,cockroach,159,3853,left,736.0,603.0,msi-regev,13895,"[-153.31977601205506, -6.1308097947597275]",False,2.887256135544738,-134.6346300612464,2023-06-08,-153.31977601205506,-6.1308097947597275
70168.0,PV80,circle,2023-06-08 15:02:17.584,8.675995308895533,cockroach,159,3854,left,747.0,627.0,msi-regev,13895,"[-159.6468859673223, 3.738249200342068]",False,2.7044253915348593,-142.8949811613919,2023-06-08,-159.6468859673223,3.738249200342068
70207.0,PV80,circle,2023-06-08 15:02:21.537,8.684407276004348,cockroach,159,3855,left,863.0,676.0,msi-regev,13895,"[-134.61497636816762, -8.273022622550343]",False,2.4093776686643062,-142.89498116139202,2023-06-08,-134.61497636816762,-8.273022622550343
70244.0,PV80,circle,2023-06-08 15:02:25.238,8.680856929378919,cockroach,159,3868,left,862.0,676.0,msi-regev,13895,"[-114.15433324600417, -2.5849261370629506]",False,2.039842369677885,-151.12739066284985,2023-06-08,-114.15433324600417,-2.5849261370629506
70283.0,PV80,circle,2023-06-08 15:02:29.078,8.659166928576024,cockroach,159,3856,left,853.0,677.0,msi-regev,13895,"[-165.82295413924498, -12.403701910202244]",False,2.970633872079314,-142.8949811613919,2023-06-08,-165.82295413924498,-12.403701910202244
70321.0,PV80,circle,2023-06-08 15:02:32.877,8.68152423132483,cockroach,159,3857,left,855.0,678.0,msi-regev,13895,"[-190.08097229420116, -18.669989718226134]",False,3.4120579968754163,-151.12739066284996,2023-06-08,-190.08097229420116,-18.669989718226134
70333.0,PV80,circle,2023-06-08 15:02:34.097,8.64604843037669,cockroach,159,3858,left,1264.0,319.0,msi-regev,13895,"[-155.88542218547695, 2.840660263886207]",False,2.7852904534519127,-118.03656910908285,2023-06-08,-155.88542218547695,2.840660263886207
70582.0,PV80,circle,2023-06-08 15:02:58.990,8.357563553384132,cockroach,147,3859,left,857.0,677.0,msi-regev,13896,"[-170.3600706452023, 60.70799876003505]",False,3.3733205154711867,-383.99951579665344,2023-06-08,-170.3600706452023,60.70799876003505
70619.0,PV80,circle,2023-06-08 15:03:02.670,8.682680415076378,cockroach,147,3860,left,899.0,679.0,msi-regev,13896,"[-100.59582420081483, -13.893656300266684]",False,1.8141617221599096,-118.03656910908285,2023-06-08,-100.59582420081483,-13.893656300266684
105513.0,PV80,circle,2023-06-08 16:01:12.163,8.61094806771185,spider,140,3861,left,1026.0,677.0,msi-regev,13899,"[-140.17142897556903, -20.72491184844671]",False,2.8146230173992697,-126.34795258649956,2023-06-08,-140.17142897556903,-20.72491184844671
108372.0,PV80,circle,2023-06-08 16:05:58.000,6.720105221736619,ant,128,3864,left,721.0,585.0,msi-regev,13903,"[-126.6052297257092, 1.097416143308351]",False,2.369018298655412,-90.00000000000011,2023-06-08,-126.6052297257092,1.097416143308351
8825376.0,PV80,circle,2023-06-18 18:14:18.419,2.952023451810755,cockroach,151,4394,right,737.0,598.0,msi-regev,15220,"[-75.25516815615583, 9.50329048719675]",True,1.3550793256951954,-42.39184794747416,2023-06-18,-75.25516815615583,9.50329048719675
8825761.0,PV80,circle,2023-06-18 18:14:56.964,2.912101751653299,spider,141,4393,right,1246.0,280.0,msi-regev,15221,"[-45.684645306075595, -12.642887722010983]",True,0.8468131770065679,-112.48272361388308,2023-06-18,-45.684645306075595,-12.642887722010983
8826178.0,PV80,circle,2023-06-18 18:15:38.587,2.918672800236576,spider,147,4395,right,1067.0,680.0,msi-regev,15222,"[-68.49329034542359, 4.703241789992376]",True,1.2264854592109933,-42.39184794747416,2023-06-18,-68.49329034542359,4.703241789992376
8826495.0,PV80,circle,2023-06-18 18:16:10.299,2.9068216883863283,spider,144,4396,left,1252.0,278.0,msi-regev,15223,"[-37.44417765057858, 13.345840221612661]",True,0.7101431167724648,-28.274030175771372,2023-06-18,-37.44417765057858,13.345840221612661
8826818.0,PV80,circle,2023-06-18 18:16:42.669,2.9601976155533785,black_beetle,158,4397,right,741.0,593.0,msi-regev,15214,"[-51.43149726987383, 12.940285867453241]",True,0.9956515088263482,-36.74705467367369,2023-06-18,-51.43149726987383,12.940285867453241
8827149.0,PV80,circle,2023-06-18 18:17:15.758,2.964414129077594,spider,142,4398,right,677.0,483.0,msi-regev,15215,"[-38.02668139559853, 9.772356468906196]",True,0.7014044590413532,-33.92342977094279,2023-06-18,-38.02668139559853,9.772356468906196
9359145.0,PV80,circle,2023-06-19 09:03:55.280,2.9549211256617025,cockroach,143,4515,left,1224.0,513.0,msi-regev,15277,"[-69.33168559843037, -16.548212847808372]",True,1.273373411810393,-50.85197684755022,2023-06-19,-69.33168559843037,-16.548212847808372
9359457.0,PV80,circle,2023-06-19 09:04:26.564,2.942372632432654,ant,120,4516,left,1263.0,325.0,msi-regev,15278,"[-26.41367487053958, 10.42074952795383]",True,0.5072642825176902,-39.56988117628771,2023-06-19,-26.41367487053958,10.42074952795383
9359799.0,PV80,circle,2023-06-19 09:05:00.763,2.934507182776504,ant,121,4517,right,676.0,277.0,msi-regev,15279,"[-22.268328711480788, -4.445238173294797]",True,0.40566319251141236,-31.09906781675173,2023-06-19,-22.268328711480788,-4.445238173294797
9360103.0,PV80,circle,2023-06-19 09:05:31.113,2.9555649143027405,spider,149,4518,left,1228.0,505.0,msi-regev,15280,"[-49.70516525071052, -14.046378905081838]",True,0.9227371538596116,-45.21289367460271,2023-06-19,-49.70516525071052,-14.046378905081838
9360490.0,PV80,circle,2023-06-19 09:06:09.831,2.9591866723988467,ant,123,4519,right,1244.0,284.0,msi-regev,15281,"[-49.41576282941219, -2.733216349900431]",True,0.8841413289421594,-31.099067816751585,2023-06-19,-49.41576282941219,-2.733216349900431
9361383.0,PV80,circle,2023-06-19 09:07:39.107,2.9417728512295804,ant,126,4520,left,660.0,424.0,msi-regev,15283,"[-79.54660135985932, -9.188136374734427]",True,1.4305152126615612,-39.569881176287595,2023-06-19,-79.54660135985932,-9.188136374734427
9466123.0,PV80,circle,2023-06-19 12:02:13.123,5.780949722131887,cockroach,141,4539,right,1069.0,666.0,msi-regev,15305,"[-92.99004545903995, 16.383719845870246]",False,1.7831965214738845,-78.97131447816662,2023-06-19,-92.99004545903995,16.383719845870246
9466130.0,PV80,circle,2023-06-19 12:02:13.822,5.766675725265441,cockroach,141,4540,right,875.0,672.0,msi-regev,15305,"[-119.46230565225198, 22.73901962826089]",False,2.1724615465295583,-95.76446866845424,2023-06-19,-119.46230565225198,22.73901962826089
9466445.0,PV80,circle,2023-06-19 12:02:45.345,5.880736234921686,black_beetle,160,4541,right,1252.0,440.0,msi-regev,15306,"[-114.25520187946749, 13.985144985639408]",False,2.0563551991138014,-78.97131447816658,2023-06-19,-114.25520187946749,13.985144985639408
9466453.0,PV80,circle,2023-06-19 12:02:46.156,5.886331821114545,black_beetle,160,4542,right,1079.0,666.0,msi-regev,15306,"[-86.94496973917035, 8.82195312993656]",True,1.5612107257129273,-95.76446866845413,2023-06-19,-86.94496973917035,8.82195312993656
9466727.0,PV80,circle,2023-06-19 12:03:13.482,5.866122547738006,cockroach,142,4536,left,1254.0,435.0,msi-regev,15307,"[-136.78899759037824, -22.110837339352656]",False,2.4753969495982457,-67.74075160862924,2023-06-19,-136.78899759037824,-22.110837339352656
9466780.0,PV80,circle,2023-06-19 12:03:18.828,5.797500706812287,cockroach,142,4537,left,1252.0,440.0,msi-regev,15307,"[-33.15443631674924, -5.394089627806807]",True,0.6000779357840349,-62.11639529402157,2023-06-19,-33.15443631674924,-5.394089627806807
9467264.0,PV80,circle,2023-06-19 12:04:07.180,5.850775366315821,ant,127,4538,left,965.0,700.0,msi-regev,15308,"[-86.90446011342931, -0.5630929115637855]",False,1.552544559136755,-95.76446866846334,2023-06-19,-86.90446011342931,-0.5630929115637855
9467573.0,PV80,circle,2023-06-19 12:04:38.086,5.865078088388128,cockroach,147,4543,left,793.0,640.0,msi-regev,15309,"[-98.2560169442171, -13.070894763034346]",False,1.868057835946418,-84.57654501647846,2023-06-19,-98.2560169442171,-13.070894763034346
9467694.0,PV80,circle,2023-06-19 12:04:50.237,5.806820440984699,cockroach,147,4544,left,1073.0,662.0,msi-regev,15309,"[-80.33073142919557, -15.666134742037912]",True,1.5576900901505673,-84.57654501647039,2023-06-19,-80.33073142919557,-15.666134742037912
9501597.0,PV80,circle,2023-06-19 13:01:20.493,2.94974292819475,spider,149,4545,left,1213.0,198.0,msi-regev,15314,"[-29.14599804176237, 21.102032551786692]",True,0.6428234594199321,-39.569881176287595,2023-06-19,-29.14599804176237,21.102032551786692
9501869.0,PV80,circle,2023-06-19 13:01:47.728,2.958705229749184,cockroach,145,4546,left,785.0,638.0,msi-regev,15315,"[-70.32702233294685, -11.364447505052993]",True,1.2726607716653755,-39.56988117629146,2023-06-19,-70.32702233294685,-11.364447505052993
9502177.0,PV80,circle,2023-06-19 13:02:18.515,2.935223999591572,cockroach,149,4547,right,989.0,700.0,msi-regev,15316,"[-69.64612697667962, 3.5181414732936673]",True,1.245785450318837,-42.39184794747837,2023-06-19,-69.64612697667962,3.5181414732936673
9502568.0,PV80,circle,2023-06-19 13:02:57.574,2.9255190893149927,cockroach,152,4548,left,864.0,680.0,msi-regev,15317,"[-58.27423456125132, -8.044214829460827]",True,1.0509167882574373,-42.391847947474275,2023-06-19,-58.27423456125132,-8.044214829460827
9503989.0,PV80,circle,2023-06-19 13:05:19.692,2.9474237193496986,cockroach,142,4549,left,710.0,554.0,msi-regev,15320,"[-65.19193427675509, -13.463577846158131]",True,1.1892038938498397,-36.7470546736738,2023-06-19,-65.19193427675509,-13.463577846158131
9504294.0,PV80,circle,2023-06-19 13:05:50.210,2.9702865087622845,black_beetle,151,4550,left,1246.0,483.0,msi-regev,15321,"[-43.04192082999012, -4.199599306090022]",True,0.7725773614095918,-36.7470546736738,2023-06-19,-43.04192082999012,-4.199599306090022
9505081.0,PV80,circle,2023-06-19 13:07:08.877,2.9494358746785467,black_beetle,163,4551,left,711.0,553.0,msi-regev,15323,"[-49.072983114345334, -12.698283729167429]",True,0.9055430383877473,-36.747054673677326,2023-06-19,-49.072983114345334,-12.698283729167429
9537274.0,PV80,circle,2023-06-19 14:00:48.182,2.9584422706078652,cockroach,151,4553,right,664.0,475.0,msi-regev,15324,"[-58.45076768653837, 1.7671720287784183]",True,1.0446757340814896,-31.099067816751585,2023-06-19,-58.45076768653837,1.7671720287784183
9537608.0,PV80,circle,2023-06-19 14:01:21.657,2.896635036564108,cockroach,140,4554,right,681.0,456.0,msi-regev,15325,"[-81.17493658532811, 25.280166303654823]",True,1.5188528359400644,-45.21289367460275,2023-06-19,-81.17493658532811,25.280166303654823
9537996.0,PV80,circle,2023-06-19 14:02:00.389,2.9607665761115354,ant,121,4555,right,1259.0,313.0,msi-regev,15326,"[-55.21432003775044, -6.897426856988204]",True,0.9940473876420455,-31.0990678167517,2023-06-19,-55.21432003775044,-6.897426856988204
9538288.0,PV80,circle,2023-06-19 14:02:29.599,2.9613779039208277,cockroach,141,4552,right,1211.0,563.0,msi-regev,15327,"[-74.04515182580803, 7.727415219309023]",True,1.329969632158448,-28.27403017577393,2023-06-19,-74.04515182580803,7.727415219309023
9538600.0,PV80,circle,2023-06-19 14:03:00.861,2.9722017647410763,spider,146,4556,left,1262.0,328.0,msi-regev,15328,"[-17.603205351836436, 8.490905408179287]",True,0.3491455891102957,-28.274030175771486,2023-06-19,-17.603205351836436,8.490905408179287
9539006.0,PV80,circle,2023-06-19 14:03:41.425,2.9429397222615536,cockroach,142,4557,right,1203.0,570.0,msi-regev,15329,"[-85.29423235797594, 13.020206773127939]",True,1.5413969829015184,-28.274030175771543,2023-06-19,-85.29423235797594,13.020206773127939
9539799.0,PV80,circle,2023-06-19 14:05:00.745,2.970691564744248,black_beetle,164,4558,left,795.0,631.0,msi-regev,15331,"[-64.42266406306396, -22.048012145231212]",True,1.2164186822665901,-39.56988117629146,2023-06-19,-64.42266406306396,-22.048012145231212
9540175.0,PV80,circle,2023-06-19 14:05:38.288,2.9378083509491075,black_beetle,159,4559,left,686.0,515.0,msi-regev,15332,"[-53.699251217114465, -9.108267757695273]",True,1.0223447408811441,-31.0990678167517,2023-06-19,-53.699251217114465,-9.108267757695273
36982.0,PV42,circle,2023-05-06 10:02:25.912,6.993254778255571,cockroach,146,541,left,834.0,531.0,msi-regev,6455,"[-125.60980929066613, 8.769123110360738]",False,2.249428550647347,-84.00000000000011,2023-05-06,-125.60980929066613,8.769123110360738
36987.0,PV42,circle,2023-05-06 10:02:26.418,6.600340897694152,cockroach,146,542,left,665.0,626.0,msi-regev,6455,"[-119.31512184340926, -15.903800906903825]",False,2.0441679918446427,-270.0000000000002,2023-05-06,-119.31512184340926,-15.903800906903825
36994.0,PV42,circle,2023-05-06 10:02:27.163,6.150168211993384,cockroach,146,543,left,414.0,715.0,msi-regev,6455,"[-123.2580699560112, -4.257121509485955]",False,2.0961466579487653,-318.00000000000034,2023-05-06,-123.2580699560112,-4.257121509485955
73903.0,PV42,circle,2023-05-06 11:03:58.063,6.693616645029673,spider,144,564,left,746.0,562.0,msi-regev,6537,"[-110.4070571461001, 13.04077298816867]",False,1.8796814864474327,-60.00000000000006,2023-05-06,-110.4070571461001,13.04077298816867
73913.0,PV42,circle,2023-05-06 11:03:59.011,6.009154716431665,spider,144,565,left,430.0,710.0,msi-regev,6537,"[-97.96532891164577, -5.623685883880967]",False,1.7529909944254682,-66.00000000000007,2023-05-06,-97.96532891164577,-5.623685883880967
144365.0,PV42,circle,2023-05-06 13:01:24.261,6.556277568601519,ant,129,585,left,743.0,580.0,msi-regev,6571,"[-112.87441013511273, -2.5197103257877416]",False,1.9097973606284413,-96.00000000000006,2023-05-06,-112.87441013511273,-2.5197103257877416
180843.0,PV42,circle,2023-05-06 14:02:12.040,6.621227920457371,cockroach,150,611,left,720.0,589.0,msi-regev,6614,"[-124.17786808694706, -2.235437810087319]",False,2.111576043114402,-84.00000000000006,2023-05-06,-124.17786808694706,-2.235437810087319
180848.0,PV42,circle,2023-05-06 14:02:12.577,6.136469161048874,cockroach,150,612,left,535.0,677.0,msi-regev,6614,"[-105.67704587345744, -14.417954545418638]",False,1.9053660972584343,-66.00000000000009,2023-05-06,-105.67704587345744,-14.417954545418638
180852.0,PV42,circle,2023-05-06 14:02:12.948,6.112352370758795,cockroach,150,613,left,417.0,713.0,msi-regev,6614,"[-114.789218047796, -3.5284287389133624]",False,1.9444959919966043,-114.00000000000011,2023-05-06,-114.789218047796,-3.5284287389133624
182245.0,PV42,circle,2023-05-06 14:04:32.258,6.448267094745408,cockroach,148,623,left,610.0,639.0,msi-regev,6617,"[-111.45462397867522, -7.324478188644207]",False,1.9953852881319127,-66.00000000000006,2023-05-06,-111.45462397867522,-7.324478188644207
182250.0,PV42,circle,2023-05-06 14:04:32.737,6.05498288827399,cockroach,148,624,left,472.0,704.0,msi-regev,6617,"[-133.14934118272933, -15.815699093018793]",False,2.3953790627763794,-66.00000000000006,2023-05-06,-133.14934118272933,-15.815699093018793
217239.0,PV42,circle,2023-05-06 15:02:51.615,6.5735385778063895,black_beetle,163,637,left,665.0,612.0,msi-regev,6630,"[-118.56643339771148, -2.9259841814428]",False,2.1187848100773023,-84.00000000000011,2023-05-06,-118.56643339771148,-2.9259841814428
217247.0,PV42,circle,2023-05-06 15:02:52.389,6.172932459942861,black_beetle,163,638,left,418.0,717.0,msi-regev,6630,"[-126.21583022695683, -7.611470057209658]",False,2.258889517870163,-66.00000000000007,2023-05-06,-126.21583022695683,-7.611470057209658
217862.0,PV42,circle,2023-05-06 15:03:53.974,6.415834875354473,spider,147,649,left,579.0,638.0,msi-regev,6631,"[-101.09312348331923, 5.230412876272339]",False,1.8084021169763194,-66.00000000000006,2023-05-06,-101.09312348331923,5.230412876272339
218486.0,PV42,circle,2023-05-06 15:04:56.312,6.334289253208724,cockroach,148,652,left,596.0,639.0,msi-regev,6636,"[-116.47680725321433, -2.0731666343419874]",False,2.081139207008759,-96.00000000000009,2023-05-06,-116.47680725321433,-2.0731666343419874
218491.0,PV42,circle,2023-05-06 15:04:56.788,6.037075148416119,cockroach,148,653,left,437.0,711.0,msi-regev,6636,"[-110.07914359192606, -9.176328569993757]",False,1.973338958354875,-54.00000000000006,2023-05-06,-110.07914359192606,-9.176328569993757
290234.0,PV42,circle,2023-05-06 17:04:31.152,6.413161039423256,spider,143,680,left,585.0,635.0,msi-regev,6672,"[-107.7803259844386, 5.760811508455845]",False,1.821173289393118,-72.00000000000006,2023-05-06,-107.7803259844386,5.760811508455845
290242.0,PV42,circle,2023-05-06 17:04:31.880,6.191976086210146,spider,143,681,left,335.0,723.0,msi-regev,6672,"[-83.0253546884522, 17.959384132384912]",True,1.5175171233083047,-66.00000000000006,2023-05-06,-83.0253546884522,17.959384132384912
324993.0,PV42,circle,2023-05-06 18:02:27.048,6.138322013234027,spider,146,689,left,475.0,681.0,msi-regev,6708,"[-108.55745660596746, 4.379718765744997]",False,1.9409114105264822,-102.00000000000013,2023-05-06,-108.55745660596746,4.379718765744997
325606.0,PV42,circle,2023-05-06 18:03:28.299,6.853568217187164,cockroach,141,692,left,783.0,580.0,msi-regev,6709,"[-119.95388649357227, -17.523457623794116]",False,2.271785974547789,-102.00000000000006,2023-05-06,-119.95388649357227,-17.523457623794116
45215918.0,PV42,circle,2023-06-27 17:00:39.514,2.960003231893697,cockroach,140,5293,right,1255.0,412.0,msi-regev,15956,"[-63.947281125206075, 9.730366821986308]",True,1.2047929506321988,-45.21305901931339,2023-06-27,-63.947281125206075,9.730366821986308
45217009.0,PV42,circle,2023-06-27 17:02:28.660,6.077279269739318,spider,149,5296,right,676.0,509.0,msi-regev,15969,"[-82.89404693279016, -1.7170901924215514]",True,1.4811852814521471,-95.76446866845413,2023-06-27,-82.89404693279016,-1.7170901924215514
45217287.0,PV42,circle,2023-06-27 17:02:56.433,6.142904407355438,cockroach,154,5223,left,872.0,686.0,msi-regev,15970,"[-124.08208397010867, 10.379120077430201]",False,2.2244160881353805,-90.17442524524722,2023-06-27,-124.08208397010867,10.379120077430201
45217293.0,PV42,circle,2023-06-27 17:02:57.005,6.163604630960076,cockroach,154,5297,left,705.0,583.0,msi-regev,15970,"[-128.56085313236485, 0.20672875862493356]",False,2.296689043498392,-78.97131447816662,2023-06-27,-128.56085313236485,0.20672875862493356
45217337.0,PV42,circle,2023-06-27 17:03:01.415,6.118341127029835,cockroach,154,5298,left,1089.0,680.0,msi-regev,15970,"[-126.51698908525566, -1.7273316598787005]",False,2.2603839367451206,-101.3461894711545,2023-06-27,-126.51698908525566,-1.7273316598787005
45217343.0,PV42,circle,2023-06-27 17:03:02.036,6.144460229646027,cockroach,154,5207,left,884.0,686.0,msi-regev,15970,"[-129.37327453673765, 11.523089504462092]",False,2.3203491450867024,-106.91910256169967,2023-06-27,-129.37327453673765,11.523089504462092
45217398.0,PV42,circle,2023-06-27 17:03:07.570,6.133145555746764,cockroach,154,5225,left,886.0,687.0,msi-regev,15970,"[-99.15600788419238, 3.783351796022714]",True,1.772669725533917,-112.48272361388308,2023-06-27,-99.15600788419238,3.783351796022714
45217713.0,PV42,circle,2023-06-27 17:03:39.011,3.0830203890353443,cockroach,152,5226,left,889.0,681.0,msi-regev,15965,"[-17.435177359893373, 11.439293034311959]",True,0.372528111191989,-53.66989177349183,2023-06-27,-17.435177359893373,11.439293034311959
45218546.0,PV42,circle,2023-06-27 17:05:02.343,3.0579620366049913,cockroach,154,5302,right,1056.0,683.0,msi-regev,15963,"[-84.7862472246203, 7.908429598848102]",True,1.5212456866522515,-48.032957065057985,2023-06-27,-84.7862472246203,7.908429598848102
45219354.0,PV42,circle,2023-06-27 17:06:23.081,6.1427861825605685,cockroach,153,5227,left,736.0,608.0,msi-regev,15974,"[-114.11725535462472, 1.253347795174875]",False,1.9390842860158162,-95.76446866845413,2023-06-27,-114.11725535462472,1.253347795174875
45219401.0,PV42,circle,2023-06-27 17:06:27.840,6.190738656418074,cockroach,153,5303,left,1031.0,683.0,msi-regev,15974,"[-138.1792425035976, 22.94714908066385]",False,2.502322147184615,-84.57654501647835,2023-06-27,-138.1792425035976,22.94714908066385
45219407.0,PV42,circle,2023-06-27 17:06:28.456,6.1876073001956255,cockroach,153,5304,left,796.0,668.0,msi-regev,15974,"[-114.17269434119271, -5.942244777636574]",False,2.042408240619198,-84.57654501647835,2023-06-27,-114.17269434119271,-5.942244777636574
45219463.0,PV42,circle,2023-06-27 17:06:34.019,6.12795561932662,cockroach,153,5305,left,814.0,661.0,msi-regev,15974,"[-95.09329396545434, 2.805258203867755]",True,1.6995411081667835,-101.34618947114507,2023-06-27,-95.09329396545434,2.805258203867755
45251962.0,PV42,circle,2023-06-27 18:00:43.901,2.927138491828279,spider,140,5270,left,1176.0,171.0,msi-regev,15976,"[-37.59096916143551, 10.967952492342874]",True,0.6995477367114391,-31.09906781675147,2023-06-27,-37.59096916143551,10.967952492342874
45252234.0,PV42,circle,2023-06-27 18:01:11.104,2.9615524131675266,cockroach,156,5283,left,792.0,637.0,msi-regev,15977,"[-69.97833305733184, -15.571595732979887]",True,1.2807101838799682,-45.21289367460702,2023-06-27,-69.97833305733184,-15.571595732979887
45252590.0,PV42,circle,2023-06-27 18:01:46.695,3.035156289951457,black_beetle,169,5284,right,722.0,214.0,msi-regev,15980,"[-35.76938552403618, -4.06548232651096]",True,0.6431193148973299,-25.448378227353288,2023-06-27,-35.76938552403618,-4.06548232651096
45253958.0,PV42,circle,2023-06-27 18:04:03.540,3.0742203259948138,black_beetle,156,5307,right,805.0,667.0,msi-regev,15985,"[-40.443844374061996, -6.396080569784701]",True,0.7818946272117517,-48.03295706505344,2023-06-27,-40.443844374061996,-6.396080569784701
45254826.0,PV42,circle,2023-06-27 18:05:30.296,3.088043274493715,ant,128,5164,right,648.0,375.0,msi-regev,15987,"[-43.88422630063866, -7.699844348934789]",True,0.7959494728109727,-39.56988117628771,2023-06-27,-43.88422630063866,-7.699844348934789
45255106.0,PV42,circle,2023-06-27 18:05:58.281,3.0892777313152098,cockroach,156,5165,right,1256.0,347.0,msi-regev,15994,"[-52.89789934534889, 2.8988755988132198]",True,0.9464168712505472,-36.74705467367727,2023-06-27,-52.89789934534889,2.8988755988132198
45255923.0,PV42,circle,2023-06-27 18:07:20.002,3.0847337265894206,cockroach,150,5311,left,1046.0,675.0,msi-regev,15982,"[-64.03369359098247, -14.591817846879849]",True,1.2213688037759858,-53.66989177349092,2023-06-27,-64.03369359098247,-14.591817846879849
45791921.0,PV42,circle,2023-06-28 09:00:39.874,2.964407954103756,black_beetle,156,5343,left,926.0,716.0,msi-regev,16531,"[-46.87213015954683, 15.253304822469659]",True,0.9296774247769736,-39.56988117629135,2023-06-28,-46.87213015954683,15.253304822469659
45792218.0,PV42,circle,2023-06-28 09:01:09.506,2.9174159966057474,spider,142,5344,left,1191.0,600.0,msi-regev,16529,"[-43.458288973117305, 4.402172707191539]",True,0.7803371887641916,-45.21289367460275,2023-06-28,-43.458288973117305,4.402172707191539
45792542.0,PV42,circle,2023-06-28 09:01:41.926,2.9684497817200413,spider,148,5342,left,1165.0,157.0,msi-regev,16530,"[-23.146660234629394, 14.657007372312592]",True,0.4894360339658364,-31.0990678167517,2023-06-28,-23.146660234629394,14.657007372312592
46655935.0,PV42,circle,2023-06-29 09:00:41.185,2.961099195823741,spider,147,5360,left,1040.0,684.0,msi-regev,16642,"[-65.1193085619816, -7.168894737256551]",True,1.1703575709355774,-59.30216218265275,2023-06-29,-65.1193085619816,-7.168894737256551
46656231.0,PV42,circle,2023-06-29 09:01:10.855,2.9660069818937975,ant,125,5359,left,1185.0,605.0,msi-regev,16645,"[-51.036561037487104, 3.099093967758563]",True,0.9134262862697604,-50.851976847550105,2023-06-29,-51.036561037487104,3.099093967758563
46656508.0,PV42,circle,2023-06-29 09:01:38.547,2.9555112825711904,black_beetle,160,5361,left,844.0,703.0,msi-regev,16646,"[-70.38880479054956, 18.60189185737994]",True,1.3006366572012347,-39.56988117629146,2023-06-29,-70.38880479054956,18.60189185737994
46656816.0,PV42,circle,2023-06-29 09:02:09.348,2.96198388617742,ant,120,5362,left,1268.0,436.0,msi-regev,16647,"[-27.45279619369768, 8.661462960767494]",True,0.5142632892785328,-33.92342977094279,2023-06-29,-27.45279619369768,8.661462960767494
46657239.0,PV42,circle,2023-06-29 09:02:51.644,2.9422577337480984,ant,120,5363,left,1264.0,406.0,msi-regev,16643,"[-51.97968313950446, 1.3788898332943518]",True,0.9289220531698938,-42.39184794747433,2023-06-29,-51.97968313950446,1.3788898332943518
46657539.0,PV42,circle,2023-06-29 09:03:21.677,2.960407545622378,spider,142,5364,right,1123.0,640.0,msi-regev,16644,"[-60.654234116726684, 13.42360914567871]",True,1.1097817068423181,-39.56988117629146,2023-06-29,-60.654234116726684,13.42360914567871
46657833.0,PV42,circle,2023-06-29 09:03:51.013,2.9377570758546225,cockroach,150,5365,right,1209.0,576.0,msi-regev,16648,"[-69.02365523734136, -0.6052180527847213]",True,1.233126241177092,-42.39184794747831,2023-06-29,-69.02365523734136,-0.6052180527847213
46658119.0,PV42,circle,2023-06-29 09:04:19.671,2.9600804922010973,ant,121,5366,right,1260.0,473.0,msi-regev,16649,"[-67.1774833502073, -3.555942994361203]",True,1.252304934293982,-33.923429770946086,2023-06-29,-67.1774833502073,-3.555942994361203
46658423.0,PV42,circle,2023-06-29 09:04:50.055,2.9688416163748688,ant,127,5367,left,1253.0,480.0,msi-regev,16650,"[-21.586308924959425, 2.910184932273978]",True,0.38911913073874466,-42.391847947474346,2023-06-29,-21.586308924959425,2.910184932273978
0.0,PV99,circle,2023-07-17 17:33:39.741,2.084248784240589,green_beetle,100,5979,right,1002.0,666.0,reptilearn4,19861,"[-40.75884068509504, 11.40199261965455]",True,1.1617832781306348,-119.99999999999682,2023-07-17,-40.75884068509504,11.40199261965455
243.0,PV99,circle,2023-07-17 17:34:04.087,2.957418075694137,cockroach,100,5980,left,838.0,649.0,reptilearn4,19854,"[-43.43506390232449, -6.9909461067178995]",True,1.20763719295475,-28.273438719913656,2023-07-17,-43.43506390232449,-6.9909461067178995
539516.0,PV99,circle,2023-07-18 08:32:51.410,5.882610737334223,cockroach,100,5997,right,1025.0,741.0,reptilearn4,19980,"[-83.13952191417945, -1.0928709701158823]",False,2.282377038832907,-62.11682491317583,2023-07-18,-83.13952191417945,-1.0928709701158823
575263.0,PV99,circle,2023-07-18 09:32:26.072,8.672227343791935,cockroach,100,5989,left,787.0,623.0,reptilearn4,19991,"[-105.48920510550045, -7.926701727352906]",False,2.9038422030200395,-101.31866821851224,2023-07-18,-105.48920510550045,-7.926701727352906
576192.0,PV99,circle,2023-07-18 09:33:59.025,8.669305181167559,green_beetle,100,5990,right,1046.0,654.0,reptilearn4,19993,"[-120.45907138272605, -1.556883582774276]",False,3.3068776734051926,-117.99291212119908,2023-07-18,-120.45907138272605,-1.556883582774276
576229.0,PV99,circle,2023-07-18 09:34:02.655,8.671847604700881,green_beetle,100,5991,right,1036.0,654.0,reptilearn4,19993,"[-106.91693955150527, 0.9960876434314514]",False,2.9349973561041574,-109.66713159096457,2023-07-18,-106.91693955150527,0.9960876434314514
576269.0,PV99,circle,2023-07-18 09:34:06.658,8.64696743973831,green_beetle,100,6000,right,867.0,650.0,reptilearn4,19993,"[-111.60726149412915, 14.17220441457573]",False,3.0882204264604773,-109.66713159096469,2023-07-18,-111.60726149412915,14.17220441457573
754249.0,PV99,circle,2023-07-18 14:30:44.716,8.663607469136243,cockroach,100,6002,right,1066.0,649.0,reptilearn4,20044,"[-104.72691399469886, -19.738475833690018]",False,2.925368270740171,-183.57707723124713,2023-07-18,-104.72691399469886,-19.738475833690018
754286.0,PV99,circle,2023-07-18 14:30:48.347,8.669415243683558,cockroach,100,6003,right,1066.0,637.0,reptilearn4,20044,"[-106.05041225596563, -2.788407463528074]",False,2.9120899077965525,-151.03484265091993,2023-07-18,-106.05041225596563,-2.788407463528074
754360.0,PV99,circle,2023-07-18 14:30:55.830,8.674040018227986,cockroach,100,6004,right,974.0,671.0,reptilearn4,20044,"[-110.2293109308091, -10.116923528182383]",False,3.0385120479528673,-159.22148448407006,2023-07-18,-110.2293109308091,-10.116923528182383
754432.0,PV99,circle,2023-07-18 14:31:03.029,8.669595198479534,cockroach,100,6005,right,1006.0,652.0,reptilearn4,20044,"[-103.38699407924878, 0.6493448381384042]",False,2.838028962326437,-167.37519397224253,2023-07-18,-103.38699407924878,0.6493448381384042
900175.0,PV99,circle,2023-07-18 18:33:57.303,5.864849616798364,cockroach,100,6012,right,1050.0,740.0,reptilearn4,19967,"[-99.68239237800265, -30.77001013817255]",False,2.8636774729481242,-226.34686562474428,2023-07-18,-99.68239237800265,-30.77001013817255
900233.0,PV99,circle,2023-07-18 18:34:03.068,5.881435446891573,cockroach,100,6013,right,975.0,730.0,reptilearn4,19967,"[-75.27269022821213, 13.250582993610351]",False,2.098005465255117,-78.9721996081513,2023-07-18,-75.27269022821213,13.250582993610351
1475080.0,PV99,circle,2023-07-19 10:32:07.831,8.668126117601274,red_beetle,100,6036,right,926.0,663.0,reptilearn4,20100,"[-118.58183407445813, 7.8596670201931715]",False,3.0382098697002617,-126.29428775846623,2023-07-19,-118.58183407445813,7.8596670201931715
1475115.0,PV99,circle,2023-07-19 10:32:11.295,8.671046135406211,red_beetle,100,6037,right,989.0,664.0,reptilearn4,20100,"[-87.66261908219144, -0.6364641324526019]",False,2.406402315824173,-117.99291212119897,2023-07-19,-87.66261908219144,-0.6364641324526019
1475151.0,PV99,circle,2023-07-19 10:32:14.845,8.645475417783116,red_beetle,100,6062,right,1031.0,647.0,reptilearn4,20100,"[-87.02964150126013, 3.905025263652192]",False,2.3913673268984703,-126.29428775846623,2023-07-19,-87.02964150126013,3.905025263652192
1475189.0,PV99,circle,2023-07-19 10:32:18.647,8.669003858406606,red_beetle,100,6038,right,967.0,657.0,reptilearn4,20100,"[-107.40614209446244, 12.188562886166665]",False,2.745571707254561,-117.99291212119886,2023-07-19,-107.40614209446244,12.188562886166665
1475493.0,PV99,circle,2023-07-19 10:32:49.097,8.547694199597148,green_beetle,100,6039,right,1028.0,661.0,reptilearn4,20101,"[-107.86498996620128, -7.590532939832087]",False,2.9682161430895975,-134.5695414997681,2023-07-19,-107.86498996620128,-7.590532939832087
1475529.0,PV99,circle,2023-07-19 10:32:52.696,8.648265380323405,green_beetle,100,6040,right,1033.0,647.0,reptilearn4,20101,"[-95.17447965236886, 5.418139777566694]",False,2.616769470742687,-117.9929121211992,2023-07-19,-95.17447965236886,5.418139777566694
1475570.0,PV99,circle,2023-07-19 10:32:56.779,8.673219693183302,green_beetle,100,6041,right,820.0,630.0,reptilearn4,20101,"[-90.47392951718768, 14.977875464835861]",False,2.5173114769188953,-101.31866821851224,2023-07-19,-90.47392951718768,14.977875464835861
1475606.0,PV99,circle,2023-07-19 10:33:00.412,8.665200195896935,green_beetle,100,6063,right,812.0,626.0,reptilearn4,20101,"[-78.07127955929923, 13.577810815276749]",False,2.1752253017470022,-101.31866821851213,2023-07-19,-78.07127955929923,13.577810815276749
1511968.0,PV99,circle,2023-07-19 11:33:36.570,2.960009390921611,cockroach,100,6044,left,647.0,450.0,reptilearn4,20113,"[-30.12587786088909, 5.183157558150924]",True,0.9164649710410049,-45.21047191618504,2023-07-19,-30.12587786088909,5.183157558150924
1512990.0,PV99,circle,2023-07-19 11:35:18.804,2.9570390225202203,cockroach,100,6045,left,790.0,644.0,reptilearn4,20115,"[-69.2405148971194, 6.5448983837605965]",False,1.9091242330866602,-42.38985234171821,2023-07-19,-69.2405148971194,6.5448983837605965
1513001.0,PV99,circle,2023-07-19 11:35:19.870,2.935869252377894,cockroach,100,6064,left,985.0,653.0,reptilearn4,20115,"[-45.262139883733425, -15.710653549162203]",True,1.3151632582529387,-42.389852341718324,2023-07-19,-45.262139883733425,-15.710653549162203
1546829.0,PV99,circle,2023-07-19 12:31:42.697,5.858649631308032,red_beetle,100,6046,left,997.0,658.0,reptilearn4,20126,"[-55.598773679710916, -5.522708273435001]",True,1.5336970998621273,-84.56060425065516,2023-07-19,-55.598773679710916,-5.522708273435001
